material_id,formula_pretty,energy_per_atom,formation_energy_per_atom,energy_above_hull,band_gap,density,volume,nsites,theoretical,deprecated,elements,num_elements,crystal_system,spacegroup_number,spacegroup_symbol,lattice_a,lattice_b,lattice_c,lattice_alpha,lattice_beta,lattice_gamma
mp-1101047,TiCdO3,-6.296802834999999,-1.556925790666666,1.11453518,0.0,2.4887070316451982,277.93610284000755,10,True,False,"Cd,O,Ti",3,Triclinic,1,P1,5.399254451831197,17.557653838272213,2.9994218859215187,96.56141878332058,89.98172708292053,79.78244495704068
mp-531689,TiNiO3,-8.284679899833334,-2.5807775575000003,0.015940109166665002,1.4963,4.934833773785957,624.0954126779501,60,True,False,"Ni,O,Ti",3,Triclinic,1,P1,5.505179380255289,5.499397713225785,33.01173661692489,55.03462497062139,54.94943479010178,54.945044031154495
mp-675030,TiNiO3,-8.2803009785,-2.576398636166666,0.020319030499999002,2.3354,4.957154613212025,414.1901770745118,40,True,False,"Ni,O,Ti",3,Triclinic,1,P1,5.503347,9.023183109554687,9.025730456315268,68.3994474630207,84.67834923835855,84.8808267760677
mp-690546,TiNiO3,-8.282212310666667,-2.578309968333334,0.018407698333332,2.2715,5.123835266835122,300.53728897985826,30,True,False,"Ni,O,Ti",3,Triclinic,1,P1,5.0127671114825105,5.4224437607420235,12.47200758012355,93.13921938694331,90.20380297085218,117.33718317898962
mp-694948,TiFeO3,-8.256230565625,-2.014351317291667,0.7153614753749991,0.0,4.643159836564419,868.1009408044887,80,True,False,"Fe,O,Ti",3,Triclinic,1,P1,5.600984767426795,5.632906610778666,44.211220874086756,54.84026441678526,55.327743079134365,54.404834137308924
mp-698587,TiNiO3,-8.280607195,-2.576704852666667,0.020012813999999,1.708199999999999,4.966626181744278,516.7503733668699,50,True,False,"Ni,O,Ti",3,Triclinic,1,P1,5.062602,5.489297899287759,21.01008739027444,94.29600298027032,89.87375335886001,117.3619654461765
mp-753428,TiVO3,-9.3057165345,-2.941060314166667,0.088556243500001,0.0,4.498801513679512,216.74951415159728,20,True,False,"O,Ti,V",3,Triclinic,1,P1,5.150667,5.552054711435397,7.621710654815886,83.97212827056391,89.7839707131909,89.88745280698873
mp-756083,TiCrO3,-9.248453735333333,-2.769969235,0.12372662583333101,0.0,4.38418161511454,336.02093158065657,30,True,False,"Cr,O,Ti",3,Triclinic,1,P1,5.209415,5.232513860787184,14.209098478320572,92.12796904957622,90.62049099856532,119.69751224012029
mp-2234285,TiMnO3,-9.135411479,-2.755133414252873,0.199470641999999,1.3274,4.399474971888604,113.83843812847203,10,True,False,"Mn,O,Ti",3,Monoclinic,12,C2/m,10.438015868307826,3.2978989265119996,6.7463694835516534,118.70669244102375,145.6178821588024,62.13521833319708
mp-1147748,TiCuO3,-7.5964208499999994,-2.2287045096666662,0.253246738500003,0.0,4.349127551713586,60.86474174556893,5,True,False,"Cu,O,Ti",3,Tetragonal,123,P4/mmm,4.013939,4.013939,3.777672,90.0,90.0,90.0
mp-19990,BaTiO3,-6.616488108,-1.684818113666666,1.8074598639999682,0.0,4.546800709110376,85.16422489125648,5,False,False,"Ba,O,Ti",3,Tetragonal,123,P4/mmm,4.112467,4.112467,5.035613,90.0,90.0,90.0
mp-1079111,EuTiO3,-10.164019363,-3.558521973666669,0.0,0.0,6.956660393444921,118.31253652456535,10,False,False,"Eu,O,Ti",3,Tetragonal,140,I4/mcm,5.525466335027672,5.5254042378186154,5.525406840325221,89.08324079612505,120.5302152548701,120.53019434724493
mp-3442,CaTiO3,-8.487685553999999,-3.538690571666666,0.017396585500002,2.2434,4.016239102380592,112.41312515722095,10,False,False,"Ca,O,Ti",3,Tetragonal,140,I4/mcm,5.441143344248945,5.441143344248945,5.441143344248945,120.84549073210634,120.84549073210634,88.54170096725916
mp-4651,SrTiO3,-8.438022916,-3.551662291666667,0.0,1.848799999999999,5.093987781835845,119.62507795144641,10,True,False,"O,Sr,Ti",3,Tetragonal,140,I4/mcm,5.522329700714994,5.522329559400709,5.534898478941332,119.92490712678152,119.92490461029365,89.99999866323975
mp-551830,SrTiO3,-8.437938167999999,-3.551577543666666,8.474800000080054e-05,1.786999999999999,5.087203751701338,119.78460372892171,10,True,False,"O,Sr,Ti",3,Tetragonal,140,I4/mcm,5.533921314506576,5.533921683353598,5.533925593272801,120.02786883098355,120.02787511443206,89.9517676624055
mp-1101375,ScTiO3,-9.381252957,-3.566884129666666,0.069202007875,0.0,4.121270147889125,113.47907294930623,10,True,False,"O,Sc,Ti",3,Trigonal,148,R-3,5.641917910701732,5.641917910701732,5.641917629352719,55.41961691742366,55.41961691742366,55.4196221252559
mp-13641,TiCdO3,-7.411338015,-2.671460970666666,0.0,2.9057,5.810462306526291,119.04414777961351,10,False,False,"Cd,O,Ti",3,Trigonal,148,R-3,5.82305272566268,5.823053588000912,5.823052171200204,53.69843078928312,53.69841846182534,53.6984171856028
mp-14142,TiZnO3,-7.592381315999999,-2.792557587666666,0.028635328499998003,3.106999999999999,5.007411138147304,106.96230133551445,10,False,False,"O,Ti,Zn",3,Trigonal,148,R-3,5.550590565239072,5.550590565239072,5.550590796112428,55.03777135930571,55.03777135930571,55.037766567577194
mp-19082,TiMnO3,-9.334882121,-2.9546040562528733,0.0,2.004899999999999,4.644506556173096,107.83263051258717,10,False,False,"Mn,O,Ti",3,Trigonal,148,R-3,5.5753933522062855,5.575393558040096,5.5753930126103,54.841964889567066,54.84195498082289,54.84195199373103
mp-18732,TiNiO3,-8.300620009,-2.596717666666666,0.0,0.0,5.12312776225902,100.19293107218306,10,False,False,"Ni,O,Ti",3,Trigonal,148,R-3,5.418666290052567,5.418698845277876,5.418672895058315,55.29147000895707,55.29143614952437,55.29128464480182
mp-19424,TiCoO3,-8.5965849335,-2.622026583166667,0.003154708000002,0.0,5.039592429522875,102.011734456397,10,False,False,"Co,O,Ti",3,Trigonal,148,R-3,5.4552014382308025,5.454490870698214,5.455229501947625,55.22301684203238,55.20988827749729,55.211953395713486
mp-19417,TiFeO3,-8.959550826000001,-2.717671577666666,0.012041214999998,2.7436,4.907110856305436,102.67577859097742,10,False,False,"Fe,O,Ti",3,Trigonal,148,R-3,5.442621798311974,5.442617915373791,5.442627718180305,55.71719058144874,55.71717238771104,55.717214652958674
mp-3771,MgTiO3,-8.236905654999997,-3.362936645666665,0.0,3.529499999999999,3.8928989368345963,102.5186191467851,10,False,False,"Mg,O,Ti",3,Trigonal,148,R-3,5.47098129421684,5.470981952700048,5.470981813998291,55.071581658766384,55.071582854697844,55.071575705106085
mp-753164,YbTiO3,-16.988367521,-3.511420170583335,0.09273378124999701,3.5867,7.436004073945224,120.09880182192474,10,True,False,"O,Ti,Yb",3,Trigonal,148,R-3,5.686926702630101,5.6869267026301005,5.686926858883952,56.68583608177975,56.685836081779776,56.68583013622905
mp-754246,TiSnO3,-8.104400850999998,-2.754611473666665,0.0021027584999990002,1.1086,4.544839624216931,156.7978330522059,10,True,False,"O,Sn,Ti",3,Trigonal,148,R-3,7.595236879415346,7.595236881195803,7.595237496641114,39.10563750579529,39.10563897010289,39.10563893345872
mp-754701,CaTiO3,-8.476729451,-3.527734468666666,0.0283526885,3.570599999999999,3.613170410158765,124.95341697913328,10,True,False,"Ca,O,Ti",3,Trigonal,148,R-3,5.923774920465834,5.923774920465834,5.923775101378259,53.59156916755366,53.59156916755366,53.5915681815752
mp-755657,TiVO3,-9.36486496,-3.000208739666667,0.029407818000001,0.0,4.658575783530177,104.65784905784909,10,True,False,"O,Ti,V",3,Trigonal,148,R-3,5.485694757766934,5.48635648551719,5.486138244260743,55.539617093447134,55.537714978922395,55.535135022323765
mp-774520,TiAlO3,-8.595938124,-3.298947951666666,0.06604736950000101,0.0,4.169728033310165,97.84417929423466,10,True,False,"Al,O,Ti",3,Trigonal,148,R-3,5.439791858725846,5.439791858725846,5.439791713803205,53.98988910301982,53.98988910301982,53.989885480211946
mp-780260,TiGeO3,-8.155536432,-2.683055854666666,0.06877411550000301,1.1348999999999991,3.9330191466442272,142.2873660627807,10,True,False,"Ge,O,Ti",3,Trigonal,148,R-3,7.08193490769613,7.08193490769613,7.081934587773951,41.73268927315948,41.73268927315948,41.73269531190428
mp-5020,BaTiO3,-8.423906982,-3.492236987666666,4.098999996848818e-05,2.5086999999999993,5.89961040436988,65.6356490658401,5,False,False,"Ba,O,Ti",3,Trigonal,160,R3m,4.033806554507884,4.033805892924775,4.033806146413204,89.83638279997638,89.8363695774206,89.83638729523724
mp-1078470,TiZnO3,-7.565642529,-2.765818800666667,0.055374115499997004,2.8280000000000003,5.029886833472973,106.48434781971152,10,False,False,"O,Ti,Zn",3,Trigonal,161,R3c,5.517323487068798,5.517323487068798,5.5173233825369525,55.5471760058589,55.5471760058589,55.547178642986644
mp-19376,TiMnO3,-9.2985630085,-2.918284943752874,0.036319112499999,1.7771999999999992,4.697118378262631,106.62481101239541,10,False,False,"Mn,O,Ti",3,Trigonal,161,R3c,5.481156187440479,5.481155542431381,5.481156425688222,56.35558947360044,56.3555927463897,56.355589065512284
mp-1216763,TiVO3,-9.394272778000001,-3.029616557666668,0.0,0.0,4.6937662299986105,103.87320059980844,10,True,False,"O,Ti,V",3,Trigonal,161,R3c,5.043646510050774,5.541768605390437,5.04364466893183,117.06824507665742,120.00119234878812,62.93141434274446
mp-19270,TiFeO3,-8.939818291,-2.697939042666667,0.031773749999999004,2.052199999999999,4.925385335207109,102.29482436671371,10,False,False,"Fe,O,Ti",3,Trigonal,161,R3c,5.421784203191788,5.421782928018802,5.421792388135289,56.01553175059012,56.0155078810663,56.01556113629198
mp-850194,TiNiO3,-8.286667864,-2.582765521666667,0.013952144999999002,0.0,5.132560035281104,100.00880325404562,10,True,False,"Ni,O,Ti",3,Trigonal,161,R3c,5.443177577296703,5.443178871255496,5.443178510002083,54.719269875324095,54.71928208841392,54.71897244524113
mp-753948,PrTiO3,-9.03430902,-3.527339722,0.05882947999999601,0.0,6.314912054071364,124.52131208438156,10,True,False,"O,Pr,Ti",3,Trigonal,167,R-3c,5.536977619545251,5.536977619545251,5.536977442088237,61.66746208210085,61.66746208210085,61.667453462442225
mp-7607,TiHgO3,-6.860181421,-2.250372007166668,0.10848425700000001,1.0936,8.319374843308553,118.34433484930989,10,False,False,"Hg,O,Ti",3,Trigonal,167,R-3c,5.446532724452869,5.446532724452869,5.577510370806404,60.77382907683247,60.77382907683247,59.99999120001339
mp-9716,TiBO3,-8.884257016,-3.000503655499999,0.07640892018333201,0.0,3.701937125617603,95.70124589670453,10,False,False,"B,O,Ti",3,Trigonal,167,R-3c,5.686601699796637,5.686601699796637,5.686601236646104,48.849935906664186,48.849935906664186,48.84993888909076
mp-1342458,YTiO3,-9.455553118333333,-3.605859811999999,0.054874349916659,0.0,4.76399071046448,386.4233566548507,30,True,False,"O,Ti,Y",3,Hexagonal,185,P6_3cm,6.0930293366066275,6.0930293366066275,12.01894,90.0,90.0,119.99999279672711
mp-1341716,TiAlO3,-8.400689786666668,-3.103699614333334,0.26129570683333303,0.0,3.8967819790647233,314.092720217299,30,True,False,"Al,O,Ti",3,Hexagonal,185,P6_3cm,5.488500494785529,5.488500494785529,12.039816,90.0,90.0,120.00000596424226
mp-1180658,KTiO3,-7.4266896085,-2.652540657616666,0.09936710000000101,0.0,3.189173880633049,281.0911824858956,20,False,False,"K,O,Ti",3,Hexagonal,194,P6_3/mmc,5.798654284267428,5.798654284267428,9.652997,90.0,90.0,120.00000324333553
mp-1405134,TiAlO3,-8.404063179000001,-3.107073006666667,0.2579223145,0.0,3.862097139772634,105.63784455287283,10,True,False,"Al,O,Ti",3,Hexagonal,194,P6_3/mmc,3.180333102347927,3.180333102347927,12.059897,90.0,90.0,119.99998132642594
mp-1443298,YTiO3,-9.432454660000001,-3.582761353666667,0.07797280824999,0.0,4.716708575643251,130.09900526231206,10,True,False,"O,Ti,Y",3,Hexagonal,194,P6_3/mmc,3.5219601462607435,3.5219601462607435,12.110846,90.0,90.0,120.00000274748508
mp-5933,BaTiO3,-8.421328529999998,-3.4896585356666643,0.00261944199997,1.726099999999999,5.804935524770896,400.2367535081449,30,False,False,"Ba,O,Ti",3,Hexagonal,194,P6_3/mmc,5.745668325795204,5.745668381775962,13.99927295000006,89.99999183487697,89.99999814502478,120.0000581926578
mp-776018,SrTiO3,-8.398920444666667,-3.512559820333334,0.039102471333333,1.7362000000000002,4.797913331143005,381.021066927438,30,True,False,"O,Sr,Ti",3,Hexagonal,194,P6_3/mmc,5.628854382615525,5.628854382615525,13.886038,90.0,90.0,120.000004497121
mp-1179381,TiCoO3,-8.470397449,-2.495839098666666,0.129342192500002,2.2549,3.045965094638345,168.77986080467417,10,True,False,"Co,O,Ti",3,Triclinic,2,P-1,11.607022560619324,5.835899165308547,5.549275341385216,117.68609236411285,138.46540325174476,43.43633440923231
mp-1179551,TiCdO3,-7.245404959,-2.505527914666666,0.16593305600000002,2.776399999999999,3.54002966957186,195.3942757687807,10,True,False,"Cd,O,Ti",3,Triclinic,2,P-1,17.914609948010227,6.832166366507406,9.313683588076632,131.52440657028433,155.36961419748295,30.305832959110603
mp-1179354,TiFeO3,-8.896343262,-2.654464013666667,0.075248778999998,2.590099999999999,3.110330836948588,161.9896577618398,10,True,False,"Fe,O,Ti",3,Triclinic,2,P-1,12.02535833209776,6.0518386753590026,6.173596396811909,127.27619778433022,145.33829005445088,39.49498585248921
mp-1277107,TiFeO3,-8.971592041000001,-2.729712792666666,0.0,2.2487,4.597795231408048,219.16653632662977,20,True,False,"Fe,O,Ti",3,Triclinic,2,P-1,5.1307693914645,5.554206936634788,8.954461721125677,106.22217531305269,89.46683158240572,115.58158959115006
mp-635713,TiZnO3,-7.525225238999999,-2.725401510666666,0.09579140549999801,3.1234,3.613922060579641,148.20580247472665,10,True,False,"O,Ti,Zn",3,Triclinic,2,P-1,5.54714,5.674907808871084,5.916983532241239,65.48953513457013,63.99551653870254,68.24211124009544
mp-697089,TiMnO3,-8.471604506999999,-2.091326442252873,0.863277614000001,0.0,5.06263302412878,98.9266567412891,10,True,False,"Mn,O,Ti",3,Triclinic,2,P-1,10.20861305013453,3.102377900104853,6.350027253311595,115.92113767241216,146.40038567291109,63.89917403972099
mp-743867,TiMnO3,-9.134469726,-2.7541916612528743,0.20041239499999802,1.2289,4.409899644458129,113.56933258435684,10,True,False,"Mn,O,Ti",3,Triclinic,2,P-1,3.271871,5.957034626372588,6.173221756595254,100.59936457658885,105.30998006393031,92.30158368002874
mp-558125,BaTiO3,-8.422651141666666,-3.490981147333332,0.001296830333302,2.0811,5.76628573211291,402.91942798108107,30,False,False,"Ba,O,Ti",3,Orthorhombic,20,C222_1,5.752887432769777,5.752887432769777,14.01903216,90.0,90.0,119.7247725689259
mp-1016830,MgTiO3,-7.781427676,-2.907458666666667,0.45547797899999704,1.909799999999999,3.517280185772856,56.73341366101276,5,True,False,"Mg,O,Ti",3,Cubic,221,Pm-3m,3.842492,3.842492,3.842492,90.0,90.0,90.0
mp-1016842,TiHgO3,-6.728773948,-2.118964534166668,0.23989173000000003,0.0,8.164206384227668,60.29679039566384,5,True,False,"Hg,O,Ti",3,Cubic,221,Pm-3m,3.921312,3.921312,3.921312,90.0,90.0,90.0
mp-1016846,TiCdO3,-7.213101972,-2.4732249276666662,0.19823604300000003,0.0,5.889148358597162,58.726787929889916,5,True,False,"Cd,O,Ti",3,Cubic,221,Pm-3m,3.886978,3.886978,3.886978,90.0,90.0,90.0
mp-1016927,TiZnO3,-7.083898968,-2.284075239666666,0.5371176764999971,0.0,4.71816371378167,56.759817119617246,5,True,False,"O,Ti,Zn",3,Cubic,221,Pm-3m,3.843088,3.843088,3.843088,90.0,90.0,90.0
mp-1018639,TiSnO3,-7.946378162,-2.5965887846666673,0.16012544749999602,1.0452,5.778248869345959,61.66409761506848,5,True,False,"O,Sn,Ti",3,Cubic,221,Pm-3m,3.9507309999999993,3.9507309999999993,3.9507309999999993,90.0,90.0,90.0
mp-1099583,SmTiO3,-8.935535380000001,-3.4439431466666672,0.19623799524999003,0.0,6.820078468672492,59.95041928908818,5,True,False,"O,Sm,Ti",3,Cubic,221,Pm-3m,3.913789,3.913789,3.913789,90.0,90.0,90.0
mp-1183045,ZrTiO3,-8.98683964,-2.729424507666666,0.7219286569999881,0.0,5.405552075029354,57.47219178112415,5,True,False,"O,Ti,Zr",3,Cubic,221,Pm-3m,3.859099,3.859099,3.859099,90.0,90.0,90.0
mp-1183977,CsTiO3,-7.088216598,-2.358746077597701,0.355658736000005,0.0,5.48379645047965,69.27365160285488,5,True,False,"Cs,O,Ti",3,Cubic,221,Pm-3m,4.106981,4.106981,4.106981,90.0,90.0,90.0
mp-1186812,PuTiO3,-10.71928681,-3.223825307416663,0.08042102100000201,0.0,9.386999278252842,60.121389727310586,5,True,False,"O,Pu,Ti",3,Cubic,221,Pm-3m,3.917506,3.917506,3.917506,90.0,90.0,90.0
mp-1187465,TiBeO3,-7.608062538,-2.312304958666666,1.033670633499999,0.0,4.474596770357307,38.92037628226892,5,True,False,"Be,O,Ti",3,Cubic,221,Pm-3m,3.388902,3.388902,3.388902,90.0,90.0,90.0
mp-1187469,TiCuO3,-7.303850848000001,-1.936134507666667,0.5458167405000021,0.0,4.635794483096115,57.101005279421834,5,True,False,"Cu,O,Ti",3,Cubic,221,Pm-3m,3.8507730000000002,3.8507730000000002,3.8507730000000002,90.0,90.0,90.0
mp-1187488,TiTeO3,-7.13092831,-1.954392125,0.598959147333333,0.0,5.964321374667137,62.21540914976123,5,True,False,"O,Te,Ti",3,Cubic,221,Pm-3m,3.96247,3.96247,3.96247,90.0,90.0,90.0
mp-1187736,UTiO3,-9.912026782,-3.105869773666664,0.307579281999979,0.0,9.186176531949698,60.35636391639875,5,True,False,"O,Ti,U",3,Cubic,221,Pm-3m,3.922603,3.922603,3.922603,90.0,90.0,90.0
mp-1475723,TiAlO3,-7.6660689259999995,-2.369078753666666,0.9959165675000011,0.0,3.5446998346849,57.548401321217,5,True,False,"Al,O,Ti",3,Cubic,221,Pm-3m,3.860804,3.860804,3.860804,90.0,90.0,90.0
mp-1436662,YTiO3,-9.207710448,-3.358017141666667,0.30271702024999103,0.0,5.200236792322234,59.0010722886116,5,True,False,"O,Ti,Y",3,Cubic,221,Pm-3m,3.89302,3.89302,3.89302,90.0,90.0,90.0
mp-19845,TiPbO3,-7.9797724599999995,-2.689368039666666,0.041221745999997006,1.585,8.048700857425851,62.52581792285582,5,False,False,"O,Pb,Ti",3,Cubic,221,Pm-3m,3.969049,3.969049,3.969049,90.0,90.0,90.0
mp-22246,EuTiO3,-10.1548811515,-3.549383762166668,0.009138211499999,0.0,6.916906578608999,59.49625945750218,5,False,False,"Eu,O,Ti",3,Cubic,221,Pm-3m,3.9038778,3.90388695,3.9038778,90.0,90.0,90.0
mp-22345,TiCdO3,-5.403051798,-0.663174753666666,2.008286217,0.0,5.035445983533509,68.68324431916595,5,False,False,"Cd,O,Ti",3,Cubic,221,Pm-3m,4.09528,4.09528,4.09528,90.0,90.0,90.0
mp-2647018,PmTiO3,-8.958279804,-3.460296333166667,0.109473932750001,0.0,6.63867720604334,60.24785691045861,5,True,False,"O,Pm,Ti",3,Cubic,221,Pm-3m,3.9201020689585366,3.920489043387572,3.9201620542290083,90.00944235042829,89.98357129054197,90.01410430661889
mp-2998,BaTiO3,-8.409168392,-3.477498397666666,0.014779579999968002,1.666299999999999,6.015663613577288,128.738833485449,10,False,False,"Ba,O,Ti",3,Cubic,221,Pm-3m,5.666408035279349,5.6664076443956235,5.668373884507181,119.98853562968743,119.9885368451857,90.00000405170599
mp-5229,SrTiO3,-8.437552862,-3.5511922376666663,0.00047005399999900006,1.771999999999999,5.086511723754529,59.90045030664282,5,False,False,"O,Sr,Ti",3,Cubic,221,Pm-3m,3.91270131,3.91270131,3.91270131,90.0,90.0,90.0
mp-504715,BaTiO3,-5.346455884,-0.414785889666666,3.077492087999968,0.0,3.8533977810600533,100.48917348467371,5,True,False,"Ba,O,Ti",3,Cubic,221,Pm-3m,4.649145,4.649145,4.649145,90.0,90.0,90.0
mp-5827,CaTiO3,-8.440614542,-3.491619559666667,0.0644675975,1.8284999999999991,3.836497971925326,58.83985762289643,5,False,False,"Ca,O,Ti",3,Cubic,221,Pm-3m,3.889471,3.889471,3.889471,90.0,90.0,90.0
mp-754524,CeTiO3,-9.23293956,-3.497674579666666,0.08380945625000101,0.0,6.393636591786039,61.288438271041045,5,True,False,"Ce,O,Ti",3,Cubic,221,Pm-3m,3.942692,3.942692,3.942692,90.0,90.0,90.0
mp-754696,PrTiO3,-8.988493486,-3.481524188,0.10464501399999701,0.0,6.412430763114484,61.31381091813314,5,True,False,"O,Pr,Ti",3,Cubic,221,Pm-3m,3.943235999999999,3.943235999999999,3.943235999999999,90.0,90.0,90.0
mp-8020,LaTiO3,-9.13262696,-3.5975505326666672,0.06758425174999601,0.0,6.282852087570259,62.049187819988944,5,False,False,"La,O,Ti",3,Cubic,221,Pm-3m,3.958938,3.958938,3.958938,90.0,90.0,90.0
mp-865927,AcTiO3,-8.979745746000003,-3.60763573816667,0.0,0.0,8.403352518165326,63.7995700747627,5,True,False,"Ac,O,Ti",3,Cubic,221,Pm-3m,3.99582001,3.99582001,3.99582001,90.0,90.0,90.0
mp-865218,YbTiO3,-16.616980538,-3.140033187583336,0.46412076424999704,1.897499999999999,7.891218652435582,56.585377934505445,5,True,False,"O,Ti,Yb",3,Cubic,221,Pm-3m,3.839146989675282,3.839146989675282,3.839146989675282,90.0,90.0,90.0
mp-977123,NaTiO3,-7.4560279120000015,-2.639808749942529,0.08988452819999401,0.0,3.321188014547365,59.42551848449956,5,True,False,"Na,O,Ti",3,Cubic,221,Pm-3m,3.902333,3.902333,3.902333,90.0,90.0,90.0
mp-977152,NpTiO3,-10.281836402,-3.144405459416667,0.17949956,0.0,9.187812747477974,60.159657548892305,5,True,False,"Np,O,Ti",3,Cubic,221,Pm-3m,3.9183369999999993,3.9183369999999993,3.9183369999999993,90.0,90.0,90.0
mp-1179263,TiCdO3,-7.1912718715,-2.451394827166666,0.2200661435,1.4505,5.396613231147699,256.34652840922064,20,True,False,"Cd,O,Ti",3,Orthorhombic,26,Pmc2_1,3.852382,7.067657,9.41505,90.0,90.0,90.0
mp-20940,TiCdO3,-7.3717698475,-2.631892803166667,0.039568167499999,2.4636,6.029352450479733,229.44471704617422,20,False,False,"Cd,O,Ti",3,Orthorhombic,26,Pmc2_1,5.400747,5.523009,7.692163,90.0,90.0,90.0
mp-5052,TiCdO3,-7.372593440999999,-2.632716396666666,0.038744574000000004,2.4156,6.2726038385036205,220.54685782643037,20,False,False,"Cd,O,Ti",3,Orthorhombic,33,Pna2_1,5.31246054,5.42898714,7.64691644,90.0,90.0,90.0
mp-754092,ScTiO3,-9.353816591000001,-3.539447763666667,0.096638373874998,0.0,4.359703825171345,214.54572810928386,20,True,False,"O,Sc,Ti",3,Orthorhombic,33,Pna2_1,5.155586,5.519722,7.539189,90.0,90.0,90.0
mp-1076932,BaTiO3,-7.444891613999999,-2.513221619666666,0.979056357999969,0.0,3.076721579460935,125.85628830095348,5,False,False,"Ba,O,Ti",3,Orthorhombic,38,Amm2,3.7644019743849086,3.7644019743849086,8.881493,90.0,90.0,90.21449599834355
mp-644497,BaTiO3,-7.709675374,-2.778005379666666,0.714272597999968,0.3567,3.471516277603287,111.54340845946945,5,False,False,"Ba,O,Ti",3,Orthorhombic,38,Amm2,5.555776618099939,5.555776618099939,3.78421,90.0,90.0,107.26414679637466
mp-5777,BaTiO3,-8.423947971999999,-3.492277977666666,0.0,2.2929999999999993,5.905237274567591,65.57310741671338,5,False,False,"Ba,O,Ti",3,Orthorhombic,38,Amm2,3.98333387,4.0573426446750185,4.0573423579991434,90.25451681616497,90.0,90.0
mp-995191,BaTiO3,-6.617292430000001,-1.6856224356666671,1.806655541999967,0.0,4.531153196471881,85.45832403722468,5,False,False,"Ba,O,Ti",3,Orthorhombic,38,Amm2,4.120883055355976,4.120883055355976,5.032511,90.0,90.0,90.40670806176456
mp-1343137,TiZnO3,-7.516832013,-2.717008284666666,0.104184631499997,0.0,5.205046383559263,205.80190054063337,20,True,False,"O,Ti,Zn",3,Orthorhombic,62,Pnma,5.145792,5.283548,7.569575,90.0,90.0,90.0
mp-1345923,MgTiO3,-8.153997927999999,-3.280028918666667,0.082907726999998,2.3514,3.95355487598653,201.89153104024365,20,True,False,"Mg,O,Ti",3,Orthorhombic,62,Pnma,5.100857,5.302552,7.464316,90.0,90.0,90.0
mp-14550,TiCdO3,-7.368795385999999,-2.628918341666666,0.042542629000000005,2.1213,6.083926863535969,227.38653800449333,20,False,False,"Cd,O,Ti",3,Orthorhombic,62,Pnma,5.369678,5.486639,7.718095,90.0,90.0,90.0
mp-20073,TiFeO3,-8.899765687999999,-2.657886439666666,0.07182635300000001,1.5848,4.826724611592713,208.77156595728877,20,True,False,"Fe,O,Ti",3,Orthorhombic,62,Pnma,5.232802,5.291059,7.540401,90.0,90.0,90.0
mp-22013,LaTiO3,-9.174762257000001,-3.639685829666668,0.025448954749995003,0.0,6.217956135807595,250.78714658782192,20,False,False,"La,O,Ti",3,Orthorhombic,62,Pnma,5.56856,5.673297,7.938288,90.0,90.0,90.0
mp-22416,SmTiO3,-9.083165728,-3.591573494666667,0.048607647249991004,0.0,6.71847143348329,243.42832611817204,20,False,False,"O,Sm,Ti",3,Orthorhombic,62,Pnma,5.435781,5.7483,7.790579,90.0,90.0,90.0
mp-3119,NdTiO3,-9.06843503,-3.566930537166667,0.042002469499996004,0.0,6.42952614750988,248.04775756381775,20,False,False,"Nd,O,Ti",3,Orthorhombic,62,Pnma,5.505604,5.735775,7.854856,90.0,90.0,90.0
mp-4019,CaTiO3,-8.5050821395,-3.556087157166666,0.0,2.3053,4.02925941391082,224.09973769300066,20,False,False,"Ca,O,Ti",3,Orthorhombic,62,Pnma,5.37204886,5.46279649,7.63635962,90.0,90.0,90.0
mp-4355,YTiO3,-9.452474175499999,-3.602780869166666,0.057953292749992,0.0,5.211419462472947,235.49787086691995,20,False,False,"O,Ti,Y",3,Orthorhombic,62,Pnma,5.347706,5.717621999999999,7.702009,90.0,90.0,90.0
mp-510278,GdTiO3,-10.980702133,-3.617602678666666,0.026689669499988,0.0,7.02765129029747,239.23081017440822,20,False,False,"Gd,O,Ti",3,Orthorhombic,62,Pnma,5.411929,5.706203,7.746719,90.0,90.0,90.0
mp-556925,TiMnO3,-9.274892319,-2.894614254252874,0.059989802,1.5326,4.713654201746586,212.50152766807804,20,False,False,"Mn,O,Ti",3,Orthorhombic,62,Pnma,5.205898000000865,5.398427000000833,7.561347,90.0,90.0,90.00006485807117
mp-754231,LuTiO3,-9.106556190000001,-3.6543436930000013,0.06194142325000301,0.0,7.9392844179742745,226.5833669216115,20,True,False,"Lu,O,Ti",3,Orthorhombic,62,Pnma,5.264573,5.647997,7.620271,90.0,90.0,90.0
mp-755236,HoTiO3,-9.103026565499999,-3.635615666166665,0.05838306849999401,0.0,7.442029852766513,232.76506970381192,20,True,False,"Ho,O,Ti",3,Orthorhombic,62,Pnma,5.328055,5.692451,7.674495,90.0,90.0,90.0
mp-755525,TmTiO3,-9.096499389,-3.652124086666668,0.06115532024998001,0.0,7.665057270760334,229.46195942721957,20,True,False,"O,Ti,Tm",3,Orthorhombic,62,Pnma,5.286485,5.67376,7.650199,90.0,90.0,90.0
mp-755606,TiCrO3,-9.253288666,-2.774804165666667,0.118891695166665,0.4277,4.672964172840295,210.1702097484956,20,True,False,"Cr,O,Ti",3,Orthorhombic,62,Pnma,5.118034,5.393204,7.614145,90.0,90.0,90.0
mp-756296,ErTiO3,-9.1054427035,-3.644023935166667,0.05802816124999301,0.0,7.561352072588911,231.137505183394,20,True,False,"Er,O,Ti",3,Orthorhombic,62,Pnma,5.303883,5.688936,7.660294,90.0,90.0,90.0
mp-768409,TbTiO3,-9.103564156500001,-3.628116425500001,0.05596204799999,0.0,7.147747421016295,236.76811009381976,20,True,False,"O,Tb,Ti",3,Orthorhombic,62,Pnma,5.365621,5.7134,7.723401,90.0,90.0,90.0
mp-779599,DyTiO3,-9.103798283,-3.632248170999999,0.05728245949999201,0.0,7.313117184258952,234.66081411815694,20,True,False,"Dy,O,Ti",3,Orthorhombic,62,Pnma,5.3356,5.716985,7.692903,90.0,90.0,90.0
mp-1205364,CaTiO3,-8.493632547,-3.544637564666666,0.011449592499999,2.1378,4.012620644503752,225.02899171175915,20,False,False,"Ca,O,Ti",3,Orthorhombic,63,Cmcm,5.411361367000652,5.411361367000652,7.68509595,90.0,90.0,90.60100906523411
mp-1248327,TiAlO3,-8.424581771666668,-3.127591599333334,0.23740372183333303,0.0,3.893182534470985,314.38311485811244,30,True,False,"Al,O,Ti",3,Orthorhombic,63,Cmcm,5.49789458837699,5.494491020169566,12.001781000610325,89.9989242837396,89.99927647262106,119.87193301477598
mp-19074,TiFeO3,-8.848473615,-2.606594366666667,0.123118425999999,1.6437,4.958433185471933,101.6130315680444,10,True,False,"Fe,O,Ti",3,Orthorhombic,63,Cmcm,2.920566,5.0118585940245755,7.256845,90.0,90.0,106.93972797213429
mp-556003,CaTiO3,-8.493670329,-3.544675346666666,0.011411810500000001,2.1586,4.01211210218927,112.52875726749468,10,True,False,"Ca,O,Ti",3,Orthorhombic,74,Imma,5.410401931574983,5.410401931574983,5.410401931574983,119.77655700012497,119.57778242363575,90.56015926727478
mp-1106215,TiPbO3,-8.015441889499996,-2.7250374691666632,0.0055523165000010005,2.316,6.8423080368338525,294.1999112684277,20,False,False,"O,Pb,Ti",3,Tetragonal,87,I4/m,3.7913652659252177,9.00965160479774,9.011379206762648,87.46602168054699,77.85201052727761,77.86351117797261
mp-20459,TiPbO3,-8.020994205999997,-2.7305897856666643,0.0,1.812999999999999,7.801556471692714,64.50656431866487,5,False,False,"O,Pb,Ti",3,Tetragonal,99,P4mm,3.8795519,3.8795519,4.2858876200000005,90.0,90.0,90.0
mp-5986,BaTiO3,-8.421991397999998,-3.490321403666664,0.00195657399997,1.727999999999999,5.927475120567493,65.32709969254628,5,False,False,"Ba,O,Ti",3,Tetragonal,99,P4mm,3.99037921,3.99037921,4.10265539,90.0,90.0,90.0
mp-760376,KTiO3,-7.436609148,-2.662460197116666,0.08944756050000101,0.0,2.851449774143137,78.59586598624729,5,True,False,"K,O,Ti",3,Tetragonal,99,P4mm,3.69172,3.69172,5.766897,90.0,90.0,90.0
mp-756246,NdZrO3,-9.195393210999999,-3.5634469955,0.086092308524989,0.0509,6.064921553203231,310.4431765214905,20,True,False,"Nd,O,Zr",3,Tetragonal,119,I-4m2,7.617524479277108,7.617524479277108,7.617524479277108,120.440739720186,120.440739720186,89.23829665940653
mp-771131,NdZrO3,-9.081454101,-3.4495078855,0.20003141852498801,0.0,6.583441724012115,142.99614026070765,10,True,False,"Nd,O,Zr",3,Monoclinic,12,C2/m,5.861205630217473,5.861205630217473,5.631084114607861,61.409006863350825,61.409006863350825,89.43292890184696
mp-1020622,SrZrO3,-8.6612185885,-3.644416241500001,0.017242586999996,3.168099999999999,5.382536375487199,139.96387922066543,10,True,False,"O,Sr,Zr",3,Tetragonal,127,P4/mbm,5.78296588,5.78296588,4.18518549,90.0,90.0,90.0
mp-1019544,BaZrO3,-8.701352408,-3.639240691,0.0,3.1163,6.148305055783227,149.38125101812372,10,False,False,"Ba,O,Zr",3,Tetragonal,140,I4/mcm,5.95393041,5.9566735096429495,5.95393041,119.98477327356406,90.0,119.98477327356406
mp-5076,SrZrO3,-8.6691658485,-3.652363501500001,0.009295326999996,3.5667,5.40852623021807,139.29130396935383,10,False,False,"O,Sr,Zr",3,Tetragonal,140,I4/mcm,5.8440420188140685,5.844042428843067,5.844044603108989,120.84016561649685,120.84016029087132,88.55086965626374
mp-754980,ZrMnO3,-9.56466298,-3.053943192586206,0.047255366999996,2.8707000000000003,5.047528871660136,127.74990701423611,10,True,False,"Mn,O,Zr",3,Trigonal,148,R-3,5.496104440860181,5.496020481834197,5.823815892205557,90.00097179267708,61.844624058591144,60.00094249787875
mp-761293,ZrCoO3,-8.8048382725,-2.6998381995000003,0.097064911999996,0.0,5.459938235577095,241.06116989455316,20,True,False,"Co,O,Zr",3,Trigonal,148,R-3,5.419936885718412,5.703626772843223,7.815718760741905,93.83185019742695,89.65627049987572,89.69350544024351
mp-754513,ZrMnO3,-9.569091926,-3.058372138586206,0.042826420999995,2.5635,5.09657261750533,126.52058400805868,10,True,False,"Mn,O,Zr",3,Trigonal,161,R3c,5.472075561637467,5.812280110234709,5.472013754624891,118.0757670578724,119.99845207409997,61.92016265603442
mp-1178354,EuZrO3,-10.291737049249999,-3.55579793725,0.084392949250002,0.46629999999999905,6.603493935872536,585.7820910571171,40,True,False,"Eu,O,Zr",3,Cubic,198,P2_13,8.367172,8.367172,8.367172,90.0,90.0,90.0
mp-557203,SrZrO3,-8.62373121625,-3.606928869250001,0.054729959249996005,3.542,5.090274637116907,592.0000195401844,40,False,False,"O,Sr,Zr",3,Cubic,198,P2_13,8.396673,8.396673,8.396673,90.0,90.0,90.0
mp-1016845,ZrCdO3,-7.352074369999999,-2.481755602999999,0.34487558900000104,0.0,5.806339458576674,71.96388740867712,5,True,False,"Cd,O,Zr",3,Cubic,221,Pm-3m,4.159472,4.159472,4.159472,90.0,90.0,90.0
mp-1016871,ZrHgO3,-6.932652041999999,-2.192400905500001,0.34979274050000103,0.0,7.698366167909752,73.29755705300552,5,True,False,"Hg,O,Zr",3,Cubic,221,Pm-3m,4.18501,4.18501,4.18501,90.0,90.0,90.0
mp-1016883,ZrZnO3,-7.176823657999999,-2.246558206999999,0.7579720910000011,0.0,4.7781155825131,71.11550484229129,5,True,False,"O,Zn,Zr",3,Cubic,221,Pm-3m,4.143062,4.143062,4.143062,90.0,90.0,90.0
mp-1017000,MgZrO3,-7.840343098,-2.835932366,0.667561955,1.0257,3.8453875714012353,70.61532784659279,5,True,False,"Mg,O,Zr",3,Cubic,221,Pm-3m,4.133326,4.133326,4.133326,90.0,90.0,90.0
mp-1068577,ZrPbO3,-8.214781556,-2.793935413,0.08222417481249701,2.2792,7.715050540923727,74.56174053380131,5,False,False,"O,Pb,Zr",3,Cubic,221,Pm-3m,4.208933,4.208933,4.208933,90.0,90.0,90.0
mp-1183043,ZrSiO3,-7.983369882,-2.219989547,1.072800042249998,0.0,5.650489094658311,49.16759723607481,5,True,False,"O,Si,Zr",3,Cubic,221,Pm-3m,3.663472999999999,3.663472999999999,3.663472999999999,90.0,90.0,90.0
mp-1183044,ZrTlO3,-7.606904402,-2.454293249666669,0.23488012733333002,0.0,7.632104481985796,74.75924335094658,5,True,False,"O,Tl,Zr",3,Cubic,221,Pm-3m,4.212646,4.212646,4.212646,90.0,90.0,90.0
mp-1184599,GdZrO3,-10.773722312,-3.280181134999999,0.39293696174999904,0.0,6.826865628840743,72.1126937347448,5,True,False,"Gd,O,Zr",3,Cubic,221,Pm-3m,4.162337,4.162337,4.162337,90.0,90.0,90.0
mp-1184950,KZrO3,-7.699603071999999,-2.795012398449999,0.069763034333333,0.0,3.889375724926838,76.13256665533781,5,True,False,"K,O,Zr",3,Cubic,221,Pm-3m,4.238285,4.238285,4.238285,90.0,90.0,90.0
mp-1185065,LaZrO3,-9.093685098,-3.428166948,0.28710248682499,0.0,6.261569380374259,73.75816404510208,5,True,False,"La,O,Zr",3,Cubic,221,Pm-3m,4.193758,4.193758,4.193758,90.0,90.0,90.0
mp-1188025,ZrNiO3,-7.600537864,-1.766193799,1.009210973999997,0.0,6.538318643506497,50.26469396929328,5,True,False,"Ni,O,Zr",3,Cubic,221,Pm-3m,3.690521,3.690521,3.690521,90.0,90.0,90.0
mp-1188011,ZrBeO3,-8.293399844,-2.867200542,0.662112432,0.6259,5.895549670305644,41.75165948717156,5,True,False,"Be,O,Zr",3,Cubic,221,Pm-3m,3.469162,3.469162,3.469162,90.0,90.0,90.0
mp-1188026,ZrBO3,-8.09859658,-2.084401496833334,1.162429119299998,0.0,6.076679151888352,40.99870729715771,5,True,False,"B,O,Zr",3,Cubic,221,Pm-3m,3.448181,3.448181,3.448181,90.0,90.0,90.0
mp-1239170,ZrBeO3,-7.325005726,-1.898806424,1.630506549999998,0.0,3.5294862012939383,69.74074080076234,5,True,False,"Be,O,Zr",3,Cubic,221,Pm-3m,4.116191,4.116191,4.116191,90.0,90.0,90.0
mp-3323,SrZrO3,-8.623552264,-3.606749917,0.05490891149999601,3.214399999999999,5.09297632587517,73.96074740540564,5,False,False,"O,Sr,Zr",3,Cubic,221,Pm-3m,4.197594,4.197594,4.197594,90.0,90.0,90.0
mp-3834,BaZrO3,-8.701280686,-3.639168969000001,7.172199999949669e-05,3.0377,6.143794292287296,74.74546324141521,5,False,False,"Ba,O,Zr",3,Cubic,221,Pm-3m,4.21238715,4.21238715,4.21238715,90.0,90.0,90.0
mp-542112,CaZrO3,-8.55771869,-3.478281985,0.1918930845,3.2122,4.135496361472064,71.99498215571205,5,False,False,"Ca,O,Zr",3,Cubic,221,Pm-3m,4.160071,4.160071,4.160071,90.0,90.0,90.0
mp-613402,SrZrO3,-6.161220496,-1.144418149,2.517240679499997,0.0,4.405798144796697,85.49650328956366,5,False,False,"O,Sr,Zr",3,Cubic,221,Pm-3m,4.405374,4.405374,4.405374,90.0,90.0,90.0
mp-771055,EuZrO3,-10.282810812,-3.546871699999999,0.09331918650000201,0.38770000000000004,6.538823412138973,73.94695196343135,5,True,False,"Eu,O,Zr",3,Cubic,221,Pm-3m,4.197333,4.197333,4.197333,90.0,90.0,90.0
mp-972066,ZrAlO3,-8.373685417999999,-2.946253523,0.5159898236,0.0,5.572820739004825,49.523897122439884,5,True,False,"Al,O,Zr",3,Cubic,221,Pm-3m,3.672301,3.672301,3.672301,90.0,90.0,90.0
mp-972296,ZrOsO3,-8.15535153,-1.231561315,1.459629599000003,0.0,9.038334595947893,60.52754994516142,5,True,False,"O,Os,Zr",3,Cubic,221,Pm-3m,3.926307999999999,3.926307999999999,3.926307999999999,90.0,90.0,90.0
mp-1215965,YZrO3,-9.583364237249999,-3.6032292082499993,0.12390962875833302,0.5552,5.2606006344276395,576.0795248103736,40,True,False,"O,Y,Zr",3,Orthorhombic,24,I2_12_12_1,9.078940373270937,9.078940373270937,9.078940373270937,109.57915614528778,109.42338031648335,109.41117961716239
mp-776024,CaZrO3,-8.724246397749999,-3.644809692749999,0.025365376749999002,3.744799999999999,4.388251250010517,542.7856698013446,40,True,False,"Ca,O,Zr",3,Orthorhombic,32,Pba2,5.831835,8.123604,11.457092,90.0,90.0,90.0
mp-647557,ZrPbO3,-8.26661826725,-2.84577212425,0.030387463562497004,3.2094,7.596076936112935,605.8365142698349,40,False,False,"O,Pb,Zr",3,Orthorhombic,32,Pba2,6.042341,8.386099,11.956119,90.0,90.0,90.0
mp-20337,ZrPbO3,-8.264104421999999,-2.843258278999999,0.032901308812498004,2.6727,7.533522789829773,76.35838009464848,5,False,False,"O,Pb,Zr",3,Orthorhombic,38,Amm2,4.276790774412281,4.276790774412281,4.176356,90.0,90.0,91.63483789119584
mp-766243,YZrO3,-9.6254433785,-3.6453083495,0.08183048750833201,0.42700000000000005,5.304086945191579,571.3564549400056,40,True,False,"O,Y,Zr",3,Monoclinic,5,C2,9.051403480655361,9.051403480655361,10.447881503828897,54.78788822853178,54.78788822853178,70.17659656807494
mp-1101702,NdZrO3,-9.081503696999999,-3.4495574815,0.19998182252498903,0.0,6.577111695204162,572.5350578135857,40,True,False,"Nd,O,Zr",3,Orthorhombic,55,Pbam,6.150013,8.226357,11.316666,90.0,90.0,90.0
mp-542903,ZrPbO3,-8.271159751,-2.850313608,0.025845979812496003,2.7752,7.747064328868598,594.0289866900115,40,False,False,"O,Pb,Zr",3,Orthorhombic,55,Pbam,5.978924,8.317035,11.945823,90.0,90.0,90.0
mp-1100803,ZrPbO3,-8.260584683000001,-2.83973854,0.036421047812496006,2.6290999999999993,7.52649902407487,305.71855243585884,20,True,False,"O,Pb,Zr",3,Monoclinic,6,Pm,4.295244326386218,8.444227195807205,8.429317,90.0,90.0,90.52704893243465
mp-1106293,EuZrO3,-10.376129998500002,-3.640190886500001,0.0,0.18659999999999902,7.053166080151789,274.21787904044083,20,False,False,"Eu,O,Zr",3,Orthorhombic,62,Pnma,5.745465810001851,5.8447403300006595,8.165923400006559,90.0000538032882,90.0001131014157,90.00000107174185
mp-4387,SrZrO3,-8.6784611755,-3.661658828500002,0.0,3.6122,5.415575897777201,278.2199660312183,20,False,False,"O,Sr,Zr",3,Orthorhombic,62,Pnma,5.79524115,5.8442896,8.21457412,90.0,90.0,90.0
mp-4571,CaZrO3,-8.7496117745,-3.670175069499999,0.0,3.8263,4.603084505750543,258.7265007863652,20,False,False,"Ca,O,Zr",3,Orthorhombic,62,Pnma,5.58500572,5.77809678,8.01738023,90.0,90.0,90.0
mp-755055,ZrCrO3,-9.6000272715,-2.9911010485,0.085932194166669,1.5603,5.095437039969209,249.26258918175745,20,True,False,"Cr,O,Zr",3,Orthorhombic,62,Pnma,4.953036000029881,5.382382000072923,9.349989000104866,89.99951004735047,89.99976789114363,89.99966772920476
mp-755798,ZrPbO3,-8.2620602365,-2.841214093499999,0.034945494312497,2.9213,7.889928130597705,291.6364190475536,20,True,False,"O,Pb,Zr",3,Orthorhombic,62,Pnma,5.8893249999999995,5.92742,8.354309,90.0,90.0,90.0
mp-756665,ZrCoO3,-8.8233933775,-2.7183933045,0.078509806999996,1.9991,5.75193460615361,228.8237243191404,20,True,False,"Co,O,Zr",3,Orthorhombic,62,Pnma,5.033712154719319,5.4141420025370595,8.396207675388812,89.99761956962227,89.95374453761909,90.00071824223346
mp-3626,SrZrO3,-8.671277419,-3.654475072000001,0.007183756499996001,3.416,5.399903088261012,279.02747839948415,20,False,False,"O,Sr,Zr",3,Orthorhombic,63,Cmcm,5.8148645780526484,5.8148645780526484,8.25266177,90.0,90.0,90.63032988376749
mp-1080575,SrZrO3,-8.673868736500001,-3.657066389500001,0.004592438999996,3.4652,5.402446184095341,139.44806583680602,10,True,False,"O,Sr,Zr",3,Orthorhombic,74,Imma,5.812358170295947,5.812358170295947,5.812358170295947,90.50057896488529,119.61211846385415,119.81080515265577
mp-1068742,SrZrO3,-8.63012045,-3.613318103,0.048340725499997,3.2609,5.050542186479427,74.58215804793349,5,True,False,"O,Sr,Zr",3,Tetragonal,99,P4mm,4.176861,4.176861,4.2749880000000005,90.0,90.0,90.0
mp-1182642,CdSnO3,-5.720829872,-1.7581368599999991,0.079610972000002,0.7079000000000001,5.949277673370609,155.81331424913833,10,True,False,"Cd,O,Sn",3,Monoclinic,11,P2_1/m,6.704443504277891,8.489199226038933,3.365316349901744,89.84814720464516,120.33625722831562,73.32165020362447
mp-769144,SnGeO3,-6.60144247,-1.9061459250000001,0.039728433999997,2.281099999999999,4.912835917624815,970.7966069728828,60,True,False,"Ge,O,Sn",3,Monoclinic,13,P2/c,7.15438283,11.747972558703031,13.32631947836365,60.08063354741478,90.0,90.0
mp-776110,SiSnO3,-7.442037581833333,-2.5862830018333343,0.029296765500003003,2.6768,4.257681887947367,911.6581951128397,60,True,False,"O,Si,Sn",3,Monoclinic,13,P2/c,7.049169,11.394763,13.098301160199364,60.05563921605454,90.0,90.0
mp-1343054,YSnO3,-7.845878460500001,-2.7733691865,0.20043593684375002,1.9502000000000002,5.877643125660857,288.862121719322,20,True,False,"O,Sn,Y",3,Monoclinic,14,P2_1/c,5.932529,5.662117,10.265709039244197,56.89690747569488,90.0,90.0
mp-1340379,AlSnO3,-6.956433518,-2.436627378,0.23543624212500203,0.0,5.027428680722427,255.89970394060344,20,True,False,"Al,O,Sn",3,Monoclinic,14,P2_1/c,5.216532,5.317443,10.201130890990125,64.73593708971856,90.0,90.0
mp-12867,SrSnO3,-6.7398282725000005,-2.630651680499999,0.006706956999999,1.5550000000000002,6.354962395647654,132.91090821475046,10,False,False,"O,Sn,Sr",3,Tetragonal,140,I4/mcm,5.755857675696124,5.755857372322541,5.755854613948988,120.91879939293918,120.91880339267503,88.41596686931939
mp-1101394,SnGeO3,-6.498422442000001,-1.8031258970000001,0.14274846199999602,2.5993999999999993,5.056354248358174,157.20695864987835,10,True,False,"Ge,O,Sn",3,Trigonal,148,R-3,7.076874082384467,7.076874082384467,7.076874023014681,44.31413976745228,44.31413976745228,44.314148682695105
mp-1176491,MgSnO3,-6.589533251000001,-2.492748274,0.0035946489999960003,2.5629,5.608041580600432,113.11787770386657,10,True,False,"Mg,O,Sn",3,Trigonal,148,R-3,5.5993524094337115,5.599352409438566,5.599352344393593,56.165813435013455,56.16581341459985,56.16581038423037
mp-14628,ZnSnO3,-5.948557964,-1.925918267999999,0.05493057999999901,1.3215,6.456458301074723,119.39662912889759,10,False,False,"O,Sn,Zn",3,Trigonal,148,R-3,5.687614017347257,5.687614017347257,5.687614036250437,56.44175824505765,56.44175824505765,56.44176320645119
mp-20569,MnSnO3,-7.686987345000001,-2.083893312586208,0.0,0.877599999999999,6.105962311348783,120.55503457779893,10,False,False,"Mn,O,Sn",3,Trigonal,148,R-3,5.727690940207752,5.727692944692378,5.727694710746293,55.99954758488746,55.99956277619981,55.999582159019354
mp-4190,CaSnO3,-6.851495226000007,-2.679684276000007,0.014870770500000002,2.937899999999999,5.104684240322317,134.53390939302432,10,False,False,"Ca,O,Sn",3,Trigonal,148,R-3,6.015841626804902,6.015841560999726,6.015841483789569,54.588867667741305,54.58886887943536,54.58886489958149
mp-754654,NiSnO3,-6.652262607,-1.725544296999999,0.026179026,1.7717,6.479306138127836,231.0668176468014,20,True,False,"Ni,O,Sn",3,Trigonal,148,R-3,5.317042730614265,5.316915871401578,9.924700819038376,90.0026294561421,74.45697111206131,119.99823293735327
mp-754329,CdSnO3,-5.800440844000002,-1.8377478320000011,0.0,0.9762000000000001,7.073964607426622,131.04061486299892,10,False,False,"Cd,O,Sn",3,Trigonal,148,R-3,5.933372170789357,5.933372292533809,5.933373282982338,55.148473446278835,55.14848065641943,55.148484509725876
mp-761574,CoSnO3,-6.941385221999999,-1.7440109039999991,0.034825417500002,0.0,6.34473178596197,236.2188751736575,20,True,False,"Co,O,Sn",3,Trigonal,148,R-3,5.359883576243518,5.668033854482346,9.280310523007838,105.84800919728957,89.99906723573152,61.79111671694261
mp-776083,HfSnO3,-8.757209739,-2.995080958999999,0.068686626500001,2.3676,6.592594463634103,173.89666541206324,10,True,False,"Hf,O,Sn",3,Trigonal,148,R-3,7.4564779046024805,7.4564779046024805,7.456477921128783,42.872098245392614,42.872098245392614,42.87209609316188
mp-13334,ZnSnO3,-5.9620648890000005,-1.939425192999999,0.041423655000000004,1.080999999999999,6.556764826849906,117.57007878380284,10,False,False,"O,Sn,Zn",3,Trigonal,161,R3c,5.6591219781454605,5.6591219781454605,5.659121759519228,56.428095036000876,56.428095036000876,56.428092099671794
mp-691106,MnSnO3,-7.664667747999999,-2.061573715586206,0.022319597000001003,0.22940000000000002,5.982512338715366,123.04270445239978,10,True,False,"Mn,O,Sn",3,Trigonal,161,R3c,5.4577392312597715,5.715701212493355,5.459042912825105,89.99914042220081,59.99152319981574,61.49001908586662
mp-13554,SnHgO3,-5.286142636,-1.453517254500001,0.064994941499996,0.0,9.218080204353802,132.32972520759614,10,False,False,"Hg,O,Sn",3,Trigonal,167,R-3c,5.767216749078362,5.767216749078362,5.76721663839499,58.9309244107565,58.9309244107565,58.930921582987544
mp-1248301,AlSnO3,-6.761913550666667,-2.242107410666667,0.429956209458335,0.0,5.423249508586171,355.83394483580383,30,True,False,"Al,O,Sn",3,Hexagonal,185,P6_3cm,5.768707415420286,5.768707415420286,12.34695,90.0,90.0,119.99999329564139
mp-1376465,YSnO3,-7.867746203,-2.795236929,0.178568194343751,0.0,5.6606600237867895,449.90207595569206,30,True,False,"O,Sn,Y",3,Hexagonal,185,P6_3cm,6.427105940404125,6.427105940404125,12.576402999999999,90.0,90.0,119.99999938653083
mp-1406914,AlSnO3,-6.533496764000001,-2.013690624,0.658372996125002,0.0,5.056249704746504,127.22052767406466,10,True,False,"Al,O,Sn",3,Hexagonal,194,P6_3/mmc,3.43220772367539,3.43220772367539,12.470372,90.0,90.0,119.99999467354813
mp-1394022,YSnO3,-7.855947505,-2.783438231,0.19036689234375,0.0,5.598454404220124,151.63367792256705,10,True,False,"O,Sn,Y",3,Hexagonal,194,P6_3/mmc,3.7105665036640967,3.7105665036640967,12.716999,90.0,90.0,120.0000089803397
mp-1178212,FeSnO3,-7.323507478000002,-1.858812262000002,0.0,0.8620000000000001,6.264690592443936,235.9626720863631,20,True,False,"Fe,O,Sn",3,Triclinic,2,P-1,5.337292043149578,9.084800172712876,5.472166757314117,74.37808331152036,68.38294472224653,90.25759004958807
mp-1181816,MnSnO3,-7.5328974330000005,-1.9298034005862061,0.15408991200000102,0.1836,4.142730086539196,177.68584537215784,10,True,False,"Mn,O,Sn",3,Triclinic,2,P-1,13.386379840762551,7.02136408734008,6.0701601061986,132.18631609404216,148.9760028033438,37.20302107273252
mp-1182670,CaSnO3,-5.779489395000001,-1.607678445,1.086876601500007,0.7363000000000001,3.963406029131419,173.27347287152,10,True,False,"Ca,O,Sn",3,Triclinic,2,P-1,13.06997290769958,9.534047112700723,6.457878441324287,138.00151884695774,160.93887277786615,42.29965162764313
mp-1016820,MgSnO3,-5.9632531239999995,-1.866468146999999,0.6298747759999971,1.308399999999999,4.863389810713269,65.21888912494153,5,True,False,"Mg,O,Sn",3,Cubic,221,Pm-3m,4.025234,4.025234,4.025234,90.0,90.0,90.0
mp-1016837,SnHgO3,-5.012297874,-1.179672492500001,0.33883970349999704,0.0,8.970404073787693,67.99169860966235,5,True,False,"Hg,O,Sn",3,Cubic,221,Pm-3m,4.081489,4.081489,4.081489,90.0,90.0,90.0
mp-1016902,ZnSnO3,-5.29058385,-1.267944153999999,0.712904693999999,0.0,5.893869473325446,65.39671100186958,5,True,False,"O,Sn,Zn",3,Cubic,221,Pm-3m,4.028889,4.028889,4.028889,90.0,90.0,90.0
mp-1016881,CdSnO3,-5.454133626,-1.4914406139999992,0.346307218000002,0.0,6.938980318308384,66.7948768517519,5,True,False,"Cd,O,Sn",3,Cubic,221,Pm-3m,4.057399,4.057399,4.057399,90.0,90.0,90.0
mp-1183692,CoSnO3,-6.292458915999999,-1.095084597999999,0.683751723500002,0.0,7.146859736015265,52.426711210164086,5,True,False,"Co,O,Sn",3,Cubic,221,Pm-3m,3.742693,3.742693,3.742693,90.0,90.0,90.0
mp-1184153,DySnO3,-6.844083535999999,-2.149717456333332,0.8484255742499951,0.0,7.712473706428706,70.88038130870991,5,True,False,"Dy,O,Sn",3,Cubic,221,Pm-3m,4.138491,4.138491,4.138491,90.0,90.0,90.0
mp-1184243,GaSnO3,-5.8938217139999995,-1.517511535499999,0.575774915125002,0.0,6.762534269224833,58.05563839429101,5,True,False,"Ga,O,Sn",3,Cubic,221,Pm-3m,3.872114,3.872114,3.872114,90.0,90.0,90.0
mp-1185122,LaSnO3,-7.205669656,-2.447777261000001,0.525964737062493,0.0,6.784308009954025,74.80253514100687,5,True,False,"La,O,Sn",3,Cubic,221,Pm-3m,4.213459,4.213459,4.213459,90.0,90.0,90.0
mp-1186346,NpSnO3,-8.351908697999999,-1.99166178775,0.8209416810000001,0.0,9.315640123650487,71.96212269995561,5,True,False,"Np,O,Sn",3,Cubic,221,Pm-3m,4.159438,4.159438,4.159438,90.0,90.0,90.0
mp-1186893,RbSnO3,-5.616609184,-1.6498113955,0.18585081483333102,0.0,5.649631292418526,74.11954479593331,5,True,False,"O,Rb,Sn",3,Cubic,221,Pm-3m,4.200596,4.200596,4.200596,90.0,90.0,90.0
mp-1187065,SnGeO3,-6.328173208,-1.632876662999999,0.31299769599999705,0.0,6.887929191489851,57.701963183861174,5,True,False,"Ge,O,Sn",3,Cubic,221,Pm-3m,3.864235,3.864235,3.864235,90.0,90.0,90.0
mp-1187400,TcSnO3,-7.341659590000001,-1.498840827,0.33065778574999805,0.0,6.950211234899953,63.24387741514354,5,True,False,"O,Sn,Tc",3,Cubic,221,Pm-3m,3.984185,3.984185,3.984185,90.0,90.0,90.0
mp-1187515,YbSnO3,-17.663244168,-1.82461146425,1.047654392499996,1.7074999999999991,8.367230580967137,67.42555418400103,5,True,False,"O,Sn,Yb",3,Cubic,221,Pm-3m,4.070129007334568,4.070129007334568,4.070129007334568,90.0,90.0,90.0
mp-1207083,FeSnO3,-6.546368164,-1.081672948,0.777139314000001,0.0,5.664124969489379,65.24543243440456,5,True,False,"Fe,O,Sn",3,Cubic,221,Pm-3m,4.02578,4.02578,4.02578,90.0,90.0,90.0
mp-1412687,YSnO3,-7.235911880000001,-2.163402606,0.81040251734375,0.0,5.97375729057571,71.05362594266687,5,True,False,"O,Sn,Y",3,Cubic,221,Pm-3m,4.14186,4.14186,4.14186,90.0,90.0,90.0
mp-1426094,AlSnO3,-5.873238904,-1.353432764,1.318630856125002,0.0,4.890131134048122,65.77111511498312,5,True,False,"Al,O,Sn",3,Cubic,221,Pm-3m,4.036563,4.036563,4.036563,90.0,90.0,90.0
mp-3163,BaSnO3,-6.741954234,-2.587468271999999,0.0,0.372399999999999,7.097114448493584,71.13628093297905,5,False,False,"Ba,O,Sn",3,Cubic,221,Pm-3m,4.14346542,4.14346542,4.14346542,90.0,90.0,90.0
mp-546973,SrSnO3,-6.698800456000001,-2.589623864000001,0.047734773499999,0.9698000000000001,6.061480890045354,69.67305836625314,5,False,False,"O,Sn,Sr",3,Cubic,221,Pm-3m,4.114859,4.114859,4.114859,90.0,90.0,90.0
mp-546910,CaSnO3,-5.416595548,-1.244784597999999,1.449770448500007,0.0,4.171794878843436,82.30907163608116,5,False,False,"Ca,O,Sn",3,Cubic,221,Pm-3m,4.349933,4.349933,4.349933,90.0,90.0,90.0
mp-7986,CaSnO3,-6.656275543999999,-2.484464593999998,0.21009045250000902,1.390499999999999,5.106609751710353,67.24159084581586,5,False,False,"Ca,O,Sn",3,Cubic,221,Pm-3m,4.066424,4.066424,4.066424,90.0,90.0,90.0
mp-8074,TaSnO3,-8.50414018,-2.360063697466667,0.324955825000008,0.0,8.546452732962305,67.54808347028872,5,False,False,"O,Sn,Ta",3,Cubic,221,Pm-3m,4.072593,4.072593,4.072593,90.0,90.0,90.0
mp-862606,EuSnO3,-8.37124034,-2.542926983000001,0.13844741162500102,0.0,7.814337063803226,67.71753422187594,5,True,False,"Eu,O,Sn",3,Cubic,221,Pm-3m,4.07580535,4.0760898,4.07609181,90.0,90.0,90.0
mp-972442,SnBO3,-6.342363178,-1.235793849833333,1.128497996062503,0.0,6.9176403743407615,42.61244452154257,5,True,False,"B,O,Sn",3,Cubic,221,Pm-3m,3.492841,3.492841,3.492841,90.0,90.0,90.0
mp-973977,HoSnO3,-6.82203584,-2.131808972999998,0.8692622737187461,0.0,6.681846650800492,82.41714412638174,5,True,False,"Ho,O,Sn",3,Cubic,221,Pm-3m,4.351836,4.351836,4.351836,90.0,90.0,90.0
mp-978493,SiSnO3,-6.9816874040000005,-2.125932824,0.489646943333336,0.7593999999999991,6.323000798145838,51.15649342831221,5,True,False,"O,Si,Sn",3,Cubic,221,Pm-3m,3.712219,3.712219,3.712219,90.0,90.0,90.0
mp-978952,SnPbO3,-6.274211259999999,-1.760990871999999,0.11675427349999601,1.0389,8.828742790401577,70.32588763341295,5,True,False,"O,Pb,Sn",3,Cubic,221,Pm-3m,4.127671,4.127671,4.127671,90.0,90.0,90.0
mp-981376,ScSnO3,-7.307863331999999,-2.270678536999999,0.6724758995000021,0.0,5.072076719298021,69.29637433044239,5,True,False,"O,Sc,Sn",3,Cubic,221,Pm-3m,4.10743,4.10743,4.10743,90.0,90.0,90.0
mp-984745,CsSnO3,-5.480339814,-1.528053325931034,0.275893913,0.0,6.372339584282168,78.07496246650327,5,True,False,"Cs,O,Sn",3,Cubic,221,Pm-3m,4.274027,4.274027,4.274027,90.0,90.0,90.0
mp-504543,SnPbO3,-6.2356597515,-1.722439363499999,0.155305781999995,0.0,7.981674139050671,311.1573650366707,20,False,False,"O,Pb,Sn",3,Cubic,227,Fd-3m,7.606152483752084,7.606152483752084,7.606152483752084,60.00000000000001,60.00000000000001,60.00000000000001
mp-1101720,SnPbO3,-6.314707455,-1.8014870669999992,0.07625807849999601,1.356899999999999,8.792266045783204,564.9412064548399,40,True,False,"O,Pb,Sn",3,Orthorhombic,55,Pbam,5.838096,8.186615,11.820277,90.0,90.0,90.0
mp-1178214,FeSnO3,-7.288322943500001,-1.8236277275,0.0351845345,0.986399999999999,6.323950878236458,233.75152028372537,20,True,False,"Fe,O,Sn",3,Orthorhombic,62,Pnma,5.439315000420089,5.461441002875614,7.868700001586857,89.99699990688556,90.0008368223258,90.00018924429554
mp-1207852,VSnO3,-7.5457117175000015,-1.958239529500001,0.26782243325000005,0.0,6.035077889986486,239.54344004967217,20,True,False,"O,Sn,V",3,Orthorhombic,62,Pnma,5.417807,5.629041,7.854641,90.0,90.0,90.0
mp-1337169,ZnSnO3,-5.9206463105000005,-1.898006614499999,0.0828422335,1.1054,6.67339557696861,231.03061953050977,20,True,False,"O,Sn,Zn",3,Orthorhombic,62,Pnma,5.380528,5.407724,7.940176,90.0,90.0,90.0
mp-2879,SrSnO3,-6.7465352295,-2.6373586375,0.0,1.7365,6.345516909051056,266.2174999396318,20,False,False,"O,Sn,Sr",3,Orthorhombic,62,Pnma,5.73820206,5.72649997,8.10161313,90.0,90.0,90.0
mp-4438,CaSnO3,-6.866365996500008,-2.694555046500007,0.0,2.3301,5.520396786842774,248.80571219239832,20,False,False,"Ca,O,Sn",3,Orthorhombic,62,Pnma,5.52398931,5.6962779,7.90708393,90.0,90.0,90.0
mp-752613,CoSnO3,-6.899944682999999,-1.702570364999999,0.07626595650000201,0.9832000000000001,6.559055799122409,228.5001761928931,20,True,False,"Co,O,Sn",3,Orthorhombic,62,Pnma,5.394922,5.422766,7.81053,90.0,90.0,90.0
mp-769348,MgSnO3,-6.520117401999999,-2.423332424999999,0.07301049799999701,2.3909000000000002,5.562604010325774,228.0837393763739,20,True,False,"Mg,O,Sn",3,Orthorhombic,62,Pnma,5.331653,5.456908,7.839454,90.0,90.0,90.0
mp-849371,CdSnO3,-5.7700575915000005,-1.807364579499999,0.030383252500001002,0.690399999999999,7.6354849403898974,242.8075437023761,20,False,False,"Cd,O,Sn",3,Orthorhombic,62,Pnma,5.47790823,5.60073751,7.91411222,90.0,90.0,90.0
mp-755834,AgSnO3,-5.689126443,-1.349847933333332,0.091669975999994,0.0,6.775067906671611,134.59491336386625,10,True,False,"Ag,O,Sn",3,Orthorhombic,65,Cmmm,6.60529984780199,6.60529984780199,3.286703,90.0,90.0,110.18132217834447
mp-1178513,BaSnO3,-6.7413082110000015,-2.586822249000001,0.0006460229999980001,0.665099999999999,6.864126368631641,147.10169950504223,10,True,False,"Ba,O,Sn",3,Orthorhombic,74,Imma,5.923234727220086,5.923234727220086,5.923234727220086,120.00541407842886,119.85501992637683,90.12095949472122
mp-12866,SrSnO3,-6.742876205500002,-2.633699613500002,0.003659023999998,1.6118000000000001,6.335096060087697,133.32770579400238,10,False,False,"O,Sn,Sr",3,Orthorhombic,74,Imma,5.726366740281351,5.726367056537289,5.726367037919684,90.48428039769696,119.45242147967657,119.98990291320983
mp-726037,SnPO3,-6.779568617000001,-1.925782937928572,0.31074751411426504,0.5198,3.359908743902649,195.39734301346112,10,False,False,"O,P,Sn",3,Monoclinic,9,Cc,7.354480957904914,7.354480957904914,4.858219902056513,75.53409497465346,75.53409497465346,120.57708054572805
mp-772724,SnBO3,-7.3803365075,-2.273767179333333,0.090524666562503,2.417099999999999,4.034906474455163,292.2274095201998,20,True,False,"B,O,Sn",3,Monoclinic,9,Cc,5.201150461215768,5.201150461215768,12.49287573503787,83.76979992557087,83.76979992557087,117.81740730154829
mp-21190,PbSO3,-6.254194124,-1.715408564499999,0.08256925662499201,3.2251,6.19443377816386,154.01303269333644,10,False,False,"O,Pb,S",3,Monoclinic,11,P2_1/m,5.407462,4.565639,6.50796169978965,73.44685590952031,90.0,90.0
mp-20716,PbSeO3,-5.866225149000002,-1.455736836468751,0.0008378754999990001,2.8909000000000002,6.986607973794549,158.8418149711553,10,False,False,"O,Pb,Se",3,Monoclinic,11,P2_1/m,4.543913328780324,5.53663,6.590420841613455,90.0,106.6598799428971,90.0
mp-20461,BaPbO3,-6.203899323,-2.108798317999999,5.1835000000721734e-05,0.19340000000000002,7.8771808510208565,165.49154870311418,10,False,False,"Ba,O,Pb",3,Monoclinic,12,C2/m,6.150366445526722,6.150366445526722,6.131107946330908,60.23374128386826,60.23374128386826,89.75035476716985
mp-1106337,MnPbO3,-7.181937700000001,-1.638228624586207,0.07699994788466101,0.0,6.675021473471323,308.609254869293,20,False,False,"Mn,O,Pb",3,Monoclinic,13,P2/c,5.897647,5.066583,10.360716623649399,85.4434743831239,90.0,90.0
mp-1188613,MnPbO3,-7.198799509999999,-1.6550904345862052,0.060138137884663004,0.0,6.492321633103095,317.29380021179304,20,False,False,"Mn,O,Pb",3,Monoclinic,13,P2/c,10.046976,5.846058,5.405084780955799,90.0,91.9022851015474,90.0
mp-21723,SiPbO3,-7.392296107166683,-2.5959264841666823,0.0,3.1904999999999992,6.312259445639853,894.2667610519505,60,False,False,"O,Pb,Si",3,Monoclinic,13,P2/c,7.0522272,11.221916351892668,13.00114339298283,60.3594302891109,90.0,90.0
mp-553898,GePbO3,-6.552029497333334,-1.916117909333333,0.013110243666675,2.9339,6.780851276832049,963.397868023716,60,False,False,"Ge,O,Pb",3,Monoclinic,13,P2/c,7.229470280000035,11.459317963779474,13.294012791925226,118.98450495129293,89.99999009849105,90.00000050188864
mp-1105697,PbCO3,-7.364302346,-1.806799799999999,0.0019628935,3.3642,6.271347965135263,283.00825906007117,20,False,False,"C,O,Pb",3,Monoclinic,14,P2_1/c,8.565431,5.260156,6.2813313876429895,89.91828869785971,90.0,90.0
mp-630329,PbSeO3,-5.867063024500001,-1.45657471196875,0.0,3.367199999999999,6.951557214292642,638.5708737419326,40,False,False,"O,Pb,Se",3,Monoclinic,14,P2_1/c,8.07301543,8.848565589491715,9.189320976230896,76.60234518526825,90.0,90.0
mp-20991,BaPbO3,-6.203213393000001,-2.1081123880000012,0.0007377649999990001,0.027299999999999002,8.196469151276947,159.04492951661564,10,False,False,"Ba,O,Pb",3,Tetragonal,140,I4/mcm,6.038435832170003,6.038435663106539,6.103859858786258,119.6460644934506,119.64606249333933,89.99999956913906
mp-1178420,CoPbO3,-6.4182856405,-1.280296279499999,0.04938460399999801,0.0,8.205797052471079,254.2726563221419,20,True,False,"Co,O,Pb",3,Trigonal,148,R-3,5.522138104893249,5.774708535432502,9.552708611021378,105.89324442548903,89.88966351561497,61.49456482865969
mp-1178556,AgPbO3,-5.125327082,-0.845433529333332,0.11138339600000101,0.0,8.23510787178762,146.41846842959492,10,True,False,"Ag,O,Pb",3,Trigonal,148,R-3,6.063536038908731,6.063536038908731,6.063536145956417,56.91439183215371,56.91439183215371,56.9144008783456
mp-554699,GePbO3,-6.565139740999998,-1.929228152999997,0.0,2.7131,6.355755299726998,513.9167066238759,30,False,False,"Ge,O,Pb",3,Trigonal,148,R-3,9.346834620911249,9.346834616567222,9.346834820432342,113.50188580074823,113.50188583649775,113.50187542377792
mp-510672,MnPbO3,-7.187031201333332,-1.6433221259195392,0.07190644655132901,0.5499,8.22079444169452,375.8712283419961,30,False,False,"Mn,O,Pb",3,Monoclinic,15,C2/c,5.607754086612304,5.594103472937018,13.855917610004216,88.94657284216684,87.89792104796972,59.91925256288671
mp-543039,TePbO3,-5.8908579655,-1.550890769833333,0.0,3.2104,7.226923609629019,1055.472120741218,60,False,False,"O,Pb,Te",3,Monoclinic,15,C2/c,4.60105577,13.510098580530931,18.023313466245707,106.7912857314357,90.0,99.80422101261475
mp-1078668,NiPbO3,-6.156655549999999,-1.289322196999998,0.0,0.0,8.86197135556213,117.63280280756855,10,True,False,"Ni,O,Pb",3,Trigonal,161,R3c,5.39124426749009,5.39240065883913,5.614263966283843,90.00131379542363,61.30477485007201,120.00227303250158
mp-1078329,ZnPbO3,-5.436857545,-1.473602805999999,0.022545057999999,0.0,8.288778142141021,128.45820493772405,10,False,False,"O,Pb,Zn",3,Trigonal,161,R3c,5.516786621151392,5.516786621151392,5.822193786011077,61.72056132477441,61.72056132477441,59.999992550909184
mp-1017566,GePbO3,-6.347383798,-1.711472209999999,0.21775594300000903,0.0,9.259412950330407,58.79294308872988,5,False,False,"Ge,O,Pb",3,Cubic,221,Pm-3m,3.888436999999999,3.888436999999999,3.888436999999999,90.0,90.0,90.0
mp-1070440,VPbO3,-7.54024152,-2.012154289,0.124516472312494,0.0,8.35869929314855,60.81770785843361,5,False,False,"O,Pb,V",3,Cubic,221,Pm-3m,3.932572,3.932572,3.932572,90.0,90.0,90.0
mp-1183154,AlPbO3,-6.651739886,-2.191318702999999,0.22422391950000703,0.0,8.311042316450266,56.3792677148114,5,True,False,"Al,O,Pb",3,Cubic,221,Pm-3m,3.83448,3.83448,3.83448,90.0,90.0,90.0
mp-1183499,BePbO3,-5.851263928,-1.392075337999999,0.628855202,0.0,9.003621812885386,48.72835290398645,5,True,False,"Be,O,Pb",3,Cubic,221,Pm-3m,3.652530999999999,3.652530999999999,3.652530999999999,90.0,90.0,90.0
mp-1184117,CuPbO3,-5.448978686,-0.917831334999999,0.250703104499999,0.0,9.109306585560445,58.10400510519205,5,True,False,"Cu,O,Pb",3,Cubic,221,Pm-3m,3.873189,3.873189,3.873189,90.0,90.0,90.0
mp-1184348,EuPbO3,-7.768094994,-1.999166594000001,0.42481014324999705,0.0,8.594428006411011,78.6682649547427,5,True,False,"Eu,O,Pb",3,Cubic,221,Pm-3m,4.284826,4.284826,4.284826,90.0,90.0,90.0
mp-1184935,KPbO3,-5.137626526,-1.2000465644499991,0.154595876499998,0.0,5.893054640887403,82.92657461938236,5,True,False,"K,O,Pb",3,Cubic,221,Pm-3m,4.360784,4.360784,4.360784,90.0,90.0,90.0
mp-1185545,CsPbO3,-5.014652548,-1.121751016931034,0.214985168666667,0.0,7.164664583017451,89.94995765714654,5,True,False,"Cs,O,Pb",3,Cubic,221,Pm-3m,4.480574,4.480574,4.480574,90.0,90.0,90.0
mp-1186153,NaPbO3,-5.068154572,-1.088504399275861,0.308695351749999,0.0,5.794279118417319,79.72380712196995,5,True,False,"Na,O,Pb",3,Cubic,221,Pm-3m,4.303905,4.303905,4.303905,90.0,90.0,90.0
mp-1186106,MoPbO3,-7.563607447999999,-1.683171408999999,0.117750638812498,0.0,8.413561405503058,69.30224559771202,5,True,False,"Mo,O,Pb",3,Cubic,221,Pm-3m,4.107546,4.107546,4.107546,90.0,90.0,90.0
mp-1186471,PrPbO3,-6.65096289,-1.980562581333332,0.5854630621250081,0.0,7.041604055881917,93.4090064158571,5,True,False,"O,Pb,Pr",3,Cubic,221,Pm-3m,4.537287,4.537287,4.537287,90.0,90.0,90.0
mp-1186948,SbPbO3,-6.100877602,-1.563771336999999,0.17029225060937,0.0,8.349657760296937,74.967601732332,5,True,False,"O,Pb,Sb",3,Cubic,221,Pm-3m,4.216556,4.216556,4.216556,90.0,90.0,90.0
mp-1186799,PuPbO3,-9.128231406000001,-2.469338892749996,0.21449028581249602,0.0,10.0149565599103,82.77001583757489,5,True,False,"O,Pb,Pu",3,Cubic,221,Pm-3m,4.358038,4.358038,4.358038,90.0,90.0,90.0
mp-22535,HfPbO3,-8.66198264,-2.959238816999998,0.040636742312496005,2.414899999999999,10.036049633632498,71.75693874710115,5,False,False,"Hf,O,Pb",3,Cubic,221,Pm-3m,4.155481,4.155481,4.155481,90.0,90.0,90.0
mp-21280,BaPbO3,-6.176932494,-2.081831488999999,0.027018664,0.0,7.852241508861981,83.00858149731611,5,False,False,"Ba,O,Pb",3,Cubic,221,Pm-3m,4.362221,4.362221,4.362221,90.0,90.0,90.0
mp-22364,CrPbO3,-7.3799187,-1.7380031889999992,0.15658225600001102,0.0,8.487554511181017,60.100719885198174,5,False,False,"Cr,O,Pb",3,Cubic,221,Pm-3m,3.917057,3.917057,3.917057,90.0,90.0,90.0
mp-37214,MnPbO3,-7.145062928,-1.601353852586206,0.11387471988466201,0.0,8.58476602805571,59.98921218214787,5,True,False,"Mn,O,Pb",3,Cubic,221,Pm-3m,3.914633,3.914633,3.914633,90.0,90.0,90.0
mp-561598,BaPbO3,-5.108779098,-1.013678092999999,1.09517206,0.0,6.399226750646413,101.85659215140905,5,False,False,"Ba,O,Pb",3,Cubic,221,Pm-3m,4.670138,4.670138,4.670138,90.0,90.0,90.0
mp-973579,FePbO3,-6.761996207999999,-1.356685948999998,0.198250186250003,0.0,8.396317842913724,61.514987243627175,5,True,False,"Fe,O,Pb",3,Cubic,221,Pm-3m,3.947543999999999,3.947543999999999,3.947543999999999,90.0,90.0,90.0
mp-974337,RuPbO3,-6.8713768380000015,-1.305190313,0.17602303197916402,0.0,9.24271593776542,64.0068642453909,5,True,False,"O,Pb,Ru",3,Cubic,221,Pm-3m,4.000143,4.000143,4.000143,90.0,90.0,90.0
mp-974108,NiPbO3,-5.78969708,-0.922363726999999,0.36695846999999904,0.0,9.420293410987233,55.33047026641992,5,True,False,"Ni,O,Pb",3,Cubic,221,Pm-3m,3.810553999999999,3.810553999999999,3.810553999999999,90.0,90.0,90.0
mp-976722,MgPbO3,-5.531777046,-1.494377025999999,0.5007348609999991,0.0,7.359026699548187,63.068935851015254,5,True,False,"Mg,O,Pb",3,Cubic,221,Pm-3m,3.980508,3.980508,3.980508,90.0,90.0,90.0
mp-978489,SiPbO3,-6.968344168,-2.171974545,0.42395193916669605,1.184799999999999,8.93326180430379,52.65754671539653,5,True,False,"O,Pb,Si",3,Cubic,221,Pm-3m,3.7481780000000002,3.7481780000000002,3.7481780000000002,90.0,90.0,90.0
mp-982245,PbAuO3,-4.969002936,-0.6029205189999991,0.329485498333334,0.0,10.514280914279322,71.41118537597386,5,True,False,"Au,O,Pb",3,Cubic,221,Pm-3m,4.148796,4.148796,4.148796,90.0,90.0,90.0
mp-984554,BPbO3,-6.110985154,-1.063800782833333,1.079543921428557,0.0,9.741156187118827,45.34560992453003,5,True,False,"B,O,Pb",3,Cubic,221,Pm-3m,3.565976,3.565976,3.565976,90.0,90.0,90.0
mp-680932,OsPbO3,-7.357330361999999,-1.400550858999998,0.0,0.0,10.713008599289092,276.1692649119691,20,False,False,"O,Os,Pb",3,Cubic,227,Fd-3m,7.309274685719329,7.309673324649104,7.309817577255602,60.00259406740459,60.00078554251043,60.000139998494376
mp-687205,TcPbO3,-7.437499719,-1.654065912999999,0.063941841312498,0.0,8.197885205224003,286.1710768914209,20,False,False,"O,Pb,Tc",3,Cubic,227,Fd-3m,7.3968517049479905,7.3968517049479905,7.3968517049479905,59.99999999999999,59.99999999999999,59.99999999999999
mp-669414,HfPbO3,-8.689749293750001,-2.98700547075,0.012870088562495,2.779499999999999,9.909159441648258,581.4064880592096,40,False,False,"Hf,O,Pb",3,Orthorhombic,32,Pba2,5.931434,8.303966,11.804147,90.0,90.0,90.0
mp-1195541,PPbO3,-6.762833337000001,-1.9684326149285711,0.310789518999996,0.0,5.657758460540187,671.9264895888821,40,False,False,"O,P,Pb",3,Orthorhombic,36,Cmc2_1,9.189884489598006,9.189884489598006,8.195841,90.0,90.0,103.89161197938604
mp-1181854,HfPbO3,-8.424724201,-2.721980377999998,0.277895181312496,2.3889,9.366655865348129,615.0807367548509,40,True,False,"Hf,O,Pb",3,Orthorhombic,55,Pbam,5.819735,11.475254,9.210148,90.0,90.0,90.0
mp-22734,HfPbO3,-8.69323866225,-2.990494839249998,0.009380720062496,2.7161,10.338823292347769,557.2442267053383,40,False,False,"Hf,O,Pb",3,Orthorhombic,55,Pbam,5.83973713,8.16659022,11.68453719,90.0,90.0,90.0
mp-770488,CoPbO3,-6.31544372475,-1.177454363749999,0.152226519749998,0.0,9.402886266734846,443.8019890028436,40,True,False,"Co,O,Pb",3,Orthorhombic,55,Pbam,5.367635,7.646726,10.812615,90.0,90.0,90.0
mp-20079,CaPbO3,-6.285639986499999,-2.173213993499998,0.002454472999995,0.933199999999999,7.124821189855321,275.27296614002546,20,False,False,"Ca,O,Pb",3,Orthorhombic,62,Pnma,5.67798819,5.92801194,8.17824295,90.0,90.0,90.0
mp-19893,PbCO3,-7.366265239500001,-1.8087626935,0.0,3.3293,6.604025394102395,268.75173301996114,20,False,False,"C,O,Pb",3,Orthorhombic,62,Pnma,5.18693591,6.06501914,8.542956910000001,90.0,90.0,90.0
mp-20489,SrPbO3,-6.2053422304999994,-2.155550595499999,0.0,0.7941,7.669326838228552,296.90377048683945,20,False,False,"O,Pb,Sr",3,Orthorhombic,62,Pnma,5.88572476,6.02726206,8.3694263,90.0,90.0,90.0
mp-20507,PbSO3,-6.2557454225,-1.7169598629999991,0.081017958124991,3.6415,6.15746392260508,309.8754760026049,20,False,False,"O,Pb,S",3,Orthorhombic,62,Pnma,5.570302,6.907102,8.054018,90.0,90.0,90.0
mp-755569,CoPbO3,-6.3287549965,-1.190765635499999,0.13891524799999802,0.0,9.541382462844483,218.68003110633003,20,True,False,"Co,O,Pb",3,Orthorhombic,62,Pnma,5.326255,5.430663,7.560218,90.0,90.0,90.0
mp-755790,HfPbO3,-8.687786885,-2.985043061999999,0.014832497312497,2.756199999999999,10.465168281170348,275.25833487806926,20,True,False,"Hf,O,Pb",3,Orthorhombic,62,Pnma,5.79707532,5.79311185,8.19633351,90.0,90.0,90.0
mp-1214439,CePbO3,-7.465946467499999,-2.567250476499998,0.37704417631249704,0.7348999999999991,7.270811378796641,361.1342055144163,20,True,False,"Ce,O,Pb",3,Orthorhombic,63,Cmcm,6.859465851864852,6.859465851864852,7.816508,90.0,90.0,100.91230815405984
mp-685257,CdPbO3,-5.27843203125,-1.375123976249999,0.0,0.0,8.462073206254711,577.0968158397645,40,True,False,"Cd,O,Pb",3,Orthorhombic,73,Ibca,9.085826745827244,9.085836674819712,9.085830952518872,110.51172589563295,109.8982517491642,108.01415580284775
mp-22230,BaPbO3,-6.203951158000001,-2.108850153,0.0,0.199299999999999,8.185414704735301,159.25972054852807,10,False,False,"Ba,O,Pb",3,Orthorhombic,74,Imma,6.076817497730201,6.076817497730201,6.076817497730201,120.17971671024007,119.3208593585377,90.434657871265
mp-555021,TePbO3,-5.888139745000001,-1.5481725493333331,0.002718220499999,2.6752000000000002,7.42171917065387,342.58982379046694,20,False,False,"O,Pb,Te",3,Tetragonal,76,P4_1,5.350307890000075,5.350307890000075,11.96787127,90.0,90.0,90.0
mp-20032,VPbO3,-7.642703820000001,-2.114616589,0.022054172312493,1.3715,6.981900647635635,145.6213593813756,10,False,False,"O,Pb,V",3,Tetragonal,99,P4mm,5.4193766845150195,5.419376684200592,6.2661796895346855,64.38122015803836,64.38136608140583,89.99844494289776
mp-759744,MnFeO3,-8.28910690325,-1.793922999836208,0.0665825984375,0.0017000000000000001,4.811170906761292,438.4171179541389,40,True,False,"Fe,Mn,O",3,Triclinic,1,P1,8.243295,8.261588643519417,8.266957752363139,109.34926994539912,108.58349516770201,109.52411165262023
mp-1181286,MnCoO3,-7.787840512,-1.5599775065862072,0.089941378999999,0.0,5.097009760489947,105.46988977428495,10,True,False,"Co,Mn,O",3,Monoclinic,12,C2/m,14.756352520886757,7.27630866803182,7.396503159806058,134.73577800163858,152.5663213276529,22.51037197065765
mp-1180705,MnNiO3,-7.32301664,-1.365809642586207,0.25346269800000004,0.0,4.743275492004497,113.16751063504739,10,True,False,"Mn,Ni,O",3,Monoclinic,12,C2/m,12.173561884971217,5.722280139789208,6.112098170257657,117.17736598111824,144.61585935844155,35.54709973891828
mp-1273769,LaMnO3,-8.7477814135,-2.959400331086208,0.17586446952380802,0.0,6.463251287389984,248.53597536865314,20,True,False,"La,Mn,O",3,Monoclinic,12,C2/m,6.847261828936513,6.8473189539814046,6.874678699876744,70.42832012346042,69.536762636295,108.2200450396211
mp-1278738,LaMnO3,-8.708050088,-2.9196690055862082,0.21559579502380902,0.0,6.561955273806483,122.39876650609622,10,True,False,"La,Mn,O",3,Tetragonal,123,P4/mmm,3.94752200006751,5.568348565469387,5.568344322812212,90.01428969307634,89.99956836003153,90.00051384569552
mp-1205375,LaMnO3,-8.75642981,-2.968048727586207,0.167216073023809,0.0,6.491650791401589,123.72434334359438,10,False,False,"La,Mn,O",3,Tetragonal,127,P4/mbm,3.995510000018146,5.5640516546282175,5.565343654956988,90.05558970925345,89.99977197094802,90.00026298340825
mp-1271783,MnCO3,-8.6304542665,-1.9830780760862081,0.029906560500000002,3.7996,3.424436841759954,222.95507445916135,20,True,False,"C,Mn,O",3,Monoclinic,13,P2/c,4.863172065753894,6.197282646544128,7.706737882451043,73.72312780637378,89.75279227345078,89.68064922099063
mp-1278019,LaMnO3,-8.706018016,-2.9176369335862082,0.217627867023809,0.0,6.544321106826596,245.45715843443807,20,True,False,"La,Mn,O",3,Tetragonal,139,I4/mmm,5.574875832749012,5.574877953426425,8.826724431533025,71.59227219897663,71.59269583611092,89.99493465641
mp-1105811,ScMnO3,-9.009025804,-2.941352321586206,0.049973920562498005,1.7979999999999992,4.49092583781479,218.73503434359637,20,False,False,"Mn,O,Sc",3,Monoclinic,14,P2_1/c,5.116733912413465,5.422535000105578,7.904384291744298,89.99940596007741,94.15850618009742,90.00043304633327
mp-1172857,MnSiO3,-8.666176844499999,-2.779933577086206,0.017926196666673,0.0,3.810581733177314,456.7632794800455,40,False,False,"Mn,O,Si",3,Monoclinic,14,P2_1/c,9.18448892,5.3205860645929235,9.592426474718584,77.01389572722954,90.0,90.0
mp-1180143,MnCO3,-8.3878587325,-1.740482542086208,0.2725020945,0.15680000000000002,3.466542042296881,220.24702476402237,20,True,False,"C,Mn,O",3,Monoclinic,14,P2_1/c,5.335177,5.970782,6.939448472628354,85.09257776082916,90.0,90.0
mp-1182197,NdMnO3,-4.7472334365,1.007575711413792,3.971054523499999,0.0,0.407250354264903,4031.418295284199,20,True,False,"Mn,Nd,O",3,Monoclinic,14,P2_1/c,14.392943,14.078227,19.909365951147965,87.88079187082889,90.0,90.0
mp-1189476,NdMnO3,-8.706945591499998,-2.9521364435862063,0.011342368500001001,0.0,6.67907991266509,245.81178102559846,20,False,False,"Mn,Nd,O",3,Monoclinic,14,P2_1/c,5.499704,5.657811,7.900170967090332,89.42924991682571,90.0,90.0
mp-1194603,MnBiO3,-7.387102695,-1.807916171586207,0.026212832100012,1.9010999999999991,8.108896012607493,510.99412175468444,40,False,False,"Bi,Mn,O",3,Monoclinic,14,P2_1/c,5.578177,9.816608,10.022215367237125,68.60764875176963,90.0,90.0
mp-1199914,MnSeO3,-7.143320381249987,-1.6429584243049442,0.007921510250000001,3.3754,4.09000873059703,590.79741054001,40,False,False,"Mn,O,Se",3,Monoclinic,14,P2_1/c,8.27751532,5.247181074654492,13.76165273845366,81.27241741776058,90.0,90.0
mp-1202364,MnSeO3,-7.151241891499987,-1.650879934554944,0.0,3.099599999999999,4.227080913289214,571.6395348681684,40,False,False,"Mn,O,Se",3,Monoclinic,14,P2_1/c,8.30745548,8.022583544518053,10.496188520034446,54.80173751704,90.0,90.0
mp-1210723,MnPO3,-8.04643232075,-2.162157954264779,0.30757365464394204,0.0,3.027905545589537,587.5026012117828,40,True,False,"Mn,O,P",3,Monoclinic,14,P2_1/c,8.309729,8.185271,10.528847386822168,55.12171105870727,90.0,90.0
mp-17766,MnSiO3,-8.6662115035,-2.779968236086207,0.017891537666672,2.875499999999999,3.76830112745268,461.88819584845714,40,False,False,"Mn,O,Si",3,Monoclinic,14,P2_1/c,9.19633119,5.380386583519726,9.555939405582688,77.65203508700498,90.0,90.0
mp-27818,MnSO3,-7.5008767485,-1.872217544586206,0.072435846071429,4.1546,3.163607538351383,566.8840743222142,40,False,False,"Mn,O,S",3,Monoclinic,14,P2_1/c,12.441068,5.496306,8.426418843544985,79.68425209420441,90.0,90.0
mp-556711,MnBiO3,-7.3154482555,-1.736261732086208,0.097867271600012,0.7774999999999991,7.468876016334211,554.7820297592973,40,True,False,"Bi,Mn,O",3,Monoclinic,14,P2_1/c,5.486923,10.5001,11.047394961903462,60.65049686226545,90.0,90.0
mp-557795,LaMnO3,-8.45312061,-2.664739527586206,0.47052527302381003,1.4409,5.406020375383018,297.1410300410424,20,False,False,"La,Mn,O",3,Monoclinic,14,P2_1/c,5.971485316235904,5.433429092692937,10.413179,90.0,90.0,61.57895616556589
mp-566602,LaMnO3,-8.503579954500001,-2.715198872086207,0.42006592852380803,1.6926,4.836735523395796,332.11459568010025,20,True,False,"La,Mn,O",3,Monoclinic,14,P2_1/c,10.474801,5.716901,6.227644206365839,62.942288528788815,90.0,90.0
mp-645158,LaMnO3,-8.502294801,-2.7139137185862072,0.42135108202380905,0.9889000000000001,4.8195168444997165,333.3011408804232,20,True,False,"La,Mn,O",3,Monoclinic,14,P2_1/c,10.297857,5.674393,6.043189750963394,70.70900252682179,90.0,90.0
mp-753819,MnTlO3,-6.7706991720000005,-1.4952250872528752,0.061953488187498004,0.0,8.420498896198211,242.41609277219445,20,True,False,"Mn,O,Tl",3,Monoclinic,14,P2_1/c,5.5670514721905535,7.933636272556614,5.489055039331451,90.01328592158697,89.9977448666407,89.28677624561625
mp-1176440,MnCuO3,-7.047822522,-1.426801526586206,0.04390752036111201,0.0,5.502749489221097,100.47714229378938,10,True,False,"Cu,Mn,O",3,Trigonal,148,R-3,5.032592000094782,5.032579864166191,5.424734394017554,117.63656683995163,62.36308346425149,120.00042144619994
mp-19331,MnNiO3,-7.576479338000001,-1.6192723405862082,0.0,0.0,5.679399961735489,94.5143295599752,10,False,False,"Mn,Ni,O",3,Trigonal,148,R-3,5.3413083821664396,5.341300441540957,5.341344689840107,54.72510480042474,54.72511674846061,54.72560670424452
mp-20798,MnGeO3,-7.861668011000001,-2.135882778586207,0.0,1.6731999999999991,5.593280875660874,104.25051788767347,10,False,False,"Ge,Mn,O",3,Trigonal,148,R-3,5.018500040141361,5.589420757975087,5.0184697238434515,116.6755361627321,120.00009152694757,90.00123101224456
mp-20641,MnCoO3,-7.877781891,-1.6499188855862061,0.0,0.0,5.588165711348425,96.19991342161018,10,False,False,"Co,Mn,O",3,Trigonal,148,R-3,5.389500902032768,5.389091228669462,5.389664773205554,54.39189059554702,54.38499086921224,54.38456967915762
mp-560522,MnSO3,-7.500705719333333,-1.87204651541954,0.072606875238095,3.339,3.332019111680299,403.6738695338799,30,False,False,"Mn,O,S",3,Trigonal,148,R-3,8.04348686727311,8.043429120150558,8.042980806322305,109.25440238466454,109.26197313663015,109.26371616685151
mp-754229,MnAgO3,-6.55820158,-1.188434382919541,0.082111077833335,0.0,5.951288980976059,117.6380503297355,10,True,False,"Ag,Mn,O",3,Trigonal,148,R-3,5.147896108658469,5.925007903758611,5.147656158590529,115.74734404078612,59.99273268737718,115.72802410972906
mp-754318,MnZnO3,-6.866778206000001,-1.813649822586207,0.005794234000003001,1.7946,5.734848867701465,97.48952847675997,10,True,False,"Mn,O,Zn",3,Trigonal,148,R-3,5.4044885588596285,5.404493408582169,5.404207917191545,54.57082941338062,54.57015299908221,54.56824637789133
mp-768432,MnTlO3,-6.710766313000001,-1.4352922282528762,0.12188634718749801,0.0,7.5283983676491815,135.57096356514623,10,True,False,"Mn,O,Tl",3,Trigonal,148,R-3,6.463075571471603,6.463075571471603,6.463075970756495,47.778136748205185,47.778136748205185,47.77813150583563
mp-770618,MgMnO3,-7.493016056,-2.365742391586207,0.0,0.0,4.389989282729596,96.25948702724264,10,True,False,"Mg,Mn,O",3,Trigonal,148,R-3,5.381283556522161,5.381250292429531,5.381132296497097,54.57638600701568,54.57836697538061,54.575891791176396
mp-1106201,MnGeO3,-7.849491123000002,-2.123705890586208,0.012176887999999001,1.1435,4.935536565209603,236.28735002760635,20,False,False,"Ge,Mn,O",3,Monoclinic,15,C2/c,5.258931024646891,6.77870171716083,6.778701729459859,85.86152995334243,81.69676186699775,81.69680816037287
mp-1180142,MnCO3,-7.615902366999999,-0.9685261765862081,1.04445846,0.37060000000000004,2.03116193769495,187.94551947486113,10,True,False,"C,Mn,O",3,Monoclinic,15,C2/c,5.761126640731482,5.761126640731482,5.74988663240633,83.35397958322845,83.35397958322845,85.83176907448308
mp-1289597,MnBO3,-8.5457817935,-2.408723777919539,0.020367710552088,1.3314,4.17346945507131,181.03091068377702,20,True,False,"B,Mn,O",3,Monoclinic,15,C2/c,4.684094857379151,5.457496312708171,7.343171332810521,75.2461237980098,86.01851329829238,87.5828804913359
mp-1289249,MnSiO3,-8.669610447,-2.7833671795862083,0.014492594166672002,0.0,3.7678552782979553,230.97142546821397,20,True,False,"Mn,O,Si",3,Monoclinic,15,C2/c,5.342257439834442,6.775902315485636,6.7758980248847465,86.51072539966711,76.024397948962,76.02474177338442
mp-19157,LaMnO3,-8.785513627,-2.997132544586208,0.13813225602380802,0.0,6.7647085220922,118.730205264436,10,False,False,"La,Mn,O",3,Monoclinic,15,C2/c,5.4774826230565195,5.54643807150525,5.546199785811034,60.063740901840795,59.73993498373239,59.7389777434799
mp-23477,MnBiO3,-7.385154106,-1.805967582586208,0.028161421100012,1.4751,8.011892827783502,258.5904657881425,20,False,False,"Bi,Mn,O",3,Monoclinic,15,C2/c,5.629016165983981,5.6294515890968455,9.855650117387537,91.89493015727884,105.0568577373483,119.16396708359815
mp-2767681,MnInO3,-13.029117848999999,-1.993212647146549,0.004948190875001,0.283299999999999,6.206325120915772,349.5686323507978,30,True,False,"In,Mn,O",3,Monoclinic,15,C2/c,5.960513267986155,5.96052316514001,11.569348557657886,90.0090085573793,90.00863076846177,58.26208347723751
mp-695863,MnCO3,-7.321263836,-0.6738876455862081,1.339096991,0.0,3.281886484551429,116.31961901016837,10,True,False,"C,Mn,O",3,Monoclinic,15,C2/c,11.27888127955131,4.632202552921341,6.496656389658991,128.9091062419968,150.23315349944798,43.65097717927112
mp-1193780,MnInO3,-7.340368717666666,-1.987354307586207,0.016639308020835002,0.802999999999999,5.953378606697565,364.4210670563086,30,False,False,"In,Mn,O",3,Trigonal,165,P-3c1,6.007907134049344,6.007761314579749,11.654886373418146,90.02436227740358,90.02414845614189,60.029488204769166
mp-18840,BaMnO3,-7.674919523666667,-2.489944874252874,0.0,0.8952999999999991,6.088581271505338,196.58101951817102,15,False,False,"Ba,Mn,O",3,Trigonal,166,R-3m,7.7376054950534225,7.7376054950534225,7.737604855583571,43.16578740942451,43.16578740942451,43.165785769697855
mp-675227,BaMnO3,-7.673137790200001,-2.488163140786207,0.001781733466666,0.8679000000000001,5.95850825028464,334.7872385437482,25,True,False,"Ba,Mn,O",3,Trigonal,166,R-3m,12.31945691208757,12.31945691208757,12.319456921029197,26.78387694623503,26.78387694623503,26.783873959666394
mp-19168,LaMnO3,-8.782970226,-2.994589143586208,0.14067565702380902,0.0,6.44286948319112,124.66110534715935,10,False,False,"La,Mn,O",3,Trigonal,167,R-3c,5.563969611810438,5.56396943207464,5.563969695308108,61.04400995604544,61.04401256989882,61.04400384642821
mp-18814,MnCO3,-8.660360827,-2.012984636586208,0.0,3.2291,3.736292363626721,102.17288915450139,10,False,False,"C,Mn,O",3,Trigonal,167,R-3c,5.85871708394924,4.777773563443797,4.7778176684332,59.98365385054762,65.94219262017614,65.94294853729016
mp-761288,MnBO3,-8.521729229,-2.38467121341954,0.044420275052088,0.0,3.975014898968058,95.0344835636498,10,True,False,"B,Mn,O",3,Trigonal,167,R-3c,5.665336873181506,5.665341834373192,5.665336962212398,48.97987157813815,48.97983222078147,48.97986325039183
mp-25296,MnBO3,-8.340365041333333,-2.203307025752873,0.22578446271875402,0.5716,3.015730413818371,187.8965140668545,15,True,False,"B,Mn,O",3,Hexagonal,174,P-6,8.402535452487243,8.402535452487243,3.073034,90.0,90.0,119.99999568902113
mp-1260288,MnAlO3,-8.00080468,-2.4505098525862072,0.2697255731875,0.0,4.176015340711994,309.96086581966875,30,True,False,"Al,Mn,O",3,Hexagonal,185,P6_3cm,5.604452167757344,5.604452167757344,11.394884,90.0,90.0,120.00000198034283
mp-19056,HoMnO3,-8.788998592666667,-3.068283038252873,0.00021602933333300002,0.0,7.242284250543945,368.5049195231798,30,False,False,"Ho,Mn,O",3,Hexagonal,185,P6_3cm,6.107331391561993,6.107331675126532,11.407969970000249,90.00001481671111,90.0000088569456,119.99970365074756
mp-19217,ErMnO3,-8.797218649666666,-3.082495226252873,0.0,0.0,7.389986188010839,364.2792410031499,30,False,False,"Er,Mn,O",3,Hexagonal,185,P6_3cm,6.07945323831714,6.0794305987064226,11.380856130000005,90.00000081636674,89.99999730638648,119.99967307371733
mp-18954,ScMnO3,-9.051214285666667,-2.983540803252874,0.007785438895831001,0.0,4.434700161343278,332.2624241651375,30,False,False,"Mn,O,Sc",3,Hexagonal,185,P6_3cm,5.857486453227326,5.85748598868372,11.182257550000015,89.99999734312742,89.99999649905703,120.00033004623072
mp-19385,YMnO3,-9.130481213333333,-3.027483251919541,0.0,0.0,5.120548727866363,373.2740106140465,30,False,False,"Mn,O,Y",3,Hexagonal,185,P6_3cm,6.137989786986564,6.137990097872094,11.440423080000002,90.00000086689968,89.99999816554612,119.99938510118515
mp-19267,BaMnO3,-7.669312416,-2.484337766586208,0.005607107666667,2.0901,5.719479103329139,418.5344476825107,30,True,False,"Ba,Mn,O",3,Hexagonal,185,P6_3cm,9.930155459918854,9.930141426889726,4.9010561800165435,89.99987451579149,90.00029651021724,120.00013373866763
mp-18808,LuMnO3,-8.815923649666669,-3.11040649758621,0.0,0.0,7.836057358160109,353.34289219579927,30,False,False,"Lu,Mn,O",3,Hexagonal,185,P6_3cm,6.0056756965349285,6.005585934006154,11.312372590212647,89.9993034704633,90.00043619103889,120.00119631076038
mp-542479,DyMnO3,-8.782302025666665,-3.057447258586204,0.0,0.0,7.096767809612047,372.6490140346333,30,False,False,"Dy,Mn,O",3,Hexagonal,185,P6_3cm,6.1360443737037915,6.136044411024402,11.42852703000001,89.9999999171085,90.00000009731869,119.99952032911301
mp-554211,TmMnO3,-8.795841926000001,-3.098161968586209,0.0,0.0,7.520229139533666,360.1896989084128,30,False,False,"Mn,O,Tm",3,Hexagonal,185,P6_3cm,6.05319656711558,6.0531965671155925,11.35090639000002,90.00000039710702,90.00000095347431,119.99987198194589
mp-768374,MnTlO3,-6.801877481999999,-1.526403397252875,0.030775178187499003,0.0,7.8273436090862,391.17953872103993,30,True,False,"Mn,O,Tl",3,Hexagonal,185,P6_3cm,6.1318142638943325,6.1318142638943325,12.013444,90.0,90.0,120.00000284729899
mp-882825,MnInO3,-7.342451350333334,-1.989436940252875,0.014556675354167001,0.9206999999999991,6.206457393557825,349.5611823090674,30,False,False,"In,Mn,O",3,Hexagonal,185,P6_3cm,5.909193133593316,11.539087830090205,5.909202711228266,90.00024678562973,60.17520065562865,89.99977842561816
mp-1205336,BaMnO3,-7.667293149000001,-2.482318499586207,0.007626374666666,1.8948,5.7652284921210075,276.8088065448443,20,False,False,"Ba,Mn,O",3,Hexagonal,186,P6_3mc,4.881905190012067,5.7220831731238375,9.909149845684341,90.00017607354283,90.00024693300679,90.00000628616363
mp-1218206,SrMnO3,-7.6263307529999995,-2.486665473586206,0.0126189035,0.0,5.151404564109284,245.70082607116166,20,True,False,"Mn,O,Sr",3,Hexagonal,186,P6_3mc,5.525516671154652,5.525516671154652,9.29245,90.0,90.0,120.00000803603285
mp-757501,BaMnO3,-7.669705201666669,-2.484730552252875,0.005214321999998,0.0,6.072328580617819,394.21434393129783,30,True,False,"Ba,Mn,O",3,Hexagonal,187,P-6m2,5.691210412926361,5.691210503932354,14.053766150000001,90.00000120026512,89.9999992049279,120.00005113107431
mp-1176435,MnGaO3,-7.467511213,-2.060712347086208,0.08074590918749801,1.2823,5.227985590243382,109.68179486463097,10,True,False,"Ga,Mn,O",3,Hexagonal,194,P6_3/mmc,3.271002149103849,3.271002149103849,11.837017,90.0,90.0,120.00000301578258
mp-1188497,CaMnO3,-7.618064101499999,-2.415764464086206,0.11974854383333701,0.0,4.094612613977578,231.9933662023385,20,True,False,"Ca,Mn,O",3,Hexagonal,194,P6_3/mmc,5.390920285987913,5.390920285987913,9.217627,90.0,90.0,120.00000350975472
mp-1193101,SrMnO3,-7.623904114666668,-2.4842388352528753,0.015045541833332001,0.0,5.575611297425895,340.51092050106075,30,False,False,"Mn,O,Sr",3,Hexagonal,194,P6_3/mmc,5.421407752910747,5.421407841212041,13.37753335,89.99999896950862,90.00000149883934,119.99995005233276
mp-1444809,MnAlO3,-7.999472666,-2.449177838586207,0.2710575871875,0.0,4.163763670796908,103.62430347666455,10,True,False,"Al,Mn,O",3,Hexagonal,194,P6_3/mmc,3.2307306471214834,3.2307306471214834,11.463825,90.0,90.0,120.00001325186655
mp-19156,BaMnO3,-7.6671448255,-2.482170176086207,0.0077746981666670005,0.0,5.755924357513797,138.62812636506428,10,False,False,"Ba,Mn,O",3,Hexagonal,194,P6_3/mmc,5.725704520000839,5.725705403935608,4.8827336500000005,90.0,90.0,120.00005572554133
mp-19001,SrMnO3,-7.6358860055000015,-2.496220726086208,0.003063650999999,0.9027000000000001,5.406566540046488,234.105017935749,20,False,False,"Mn,O,Sr",3,Hexagonal,194,P6_3/mmc,5.452331201634285,5.452331311108301,9.09318312000001,90.0000034713971,89.99999533100745,120.00007154750797
mp-19227,YMnO3,-9.110961161666667,-3.007963200252874,0.019520051666665,0.0367,5.094893988485083,125.05119599578148,10,False,False,"Mn,O,Y",3,Hexagonal,194,P6_3/mmc,3.58206689,3.58206612239232,11.25355968,90.0,90.0,119.99999776155072
mp-35078,BaMnO3,-7.661692172500001,-2.476717523086208,0.013227351166666,0.7543000000000001,6.203842341526642,257.2383259452137,20,False,False,"Ba,Mn,O",3,Hexagonal,194,P6_3/mmc,5.666588820001131,5.666589081338952,9.250430750000014,89.99999844024859,89.99999857336256,59.999923615336904
mp-550807,MnInO3,-7.334922193,-1.98190778291954,0.022085832687501,0.0,5.890629387888925,122.76767283438741,10,False,False,"In,Mn,O",3,Hexagonal,194,P6_3/mmc,3.4613320000638486,3.4628401769915693,11.825444000078855,90.00009384999879,89.99969597879078,60.0137669738237
mp-557535,BaMnO3,-7.6736989640000015,-2.4887243145862072,0.0012205596666660001,0.8359000000000001,6.009789264567697,531.0888445860152,40,False,False,"Ba,Mn,O",3,Hexagonal,194,P6_3/mmc,5.700109008661676,5.700109222392395,18.87427413000008,90.00000969869423,89.99999135030852,120.00001132265103
mp-1078473,MnCO3,-8.63006146,-1.982685269586208,0.030299366999999,3.080899999999999,3.420715449318076,223.19762703076924,20,False,False,"C,Mn,O",3,Triclinic,2,P-1,4.867295905808994,6.19998399380321,7.7027724519147,73.78829313504275,89.88513274470165,89.53859001095508
mp-1180212,MnSiO3,-8.3125268194,-2.426283551986207,0.37157622176667104,0.33290000000000003,3.190687224542594,681.8804565771652,50,True,False,"Mn,O,Si",3,Triclinic,2,P-1,6.563765266041816,8.638238491551736,13.383168678849302,107.56873954444404,103.52906387160496,99.01218767529191
mp-1180172,MnSiO3,-8.3885989212,-2.502355653786208,0.29550411996667203,1.1731,3.567466242541827,609.8634474858729,50,True,False,"Mn,O,Si",3,Triclinic,2,P-1,6.189765,9.093938388004396,11.601937660928455,69.90164721389077,86.38180365617623,84.1878011426471
mp-1181218,MnSiO3,-8.567243818200001,-2.681000550786208,0.11685922296667,1.9295,3.408711321279282,638.2667983305516,50,True,False,"Mn,O,Si",3,Triclinic,2,P-1,5.971530010114661,8.861985140343274,13.08767707465622,112.81467956805109,90.94879757629582,90.32204254622677
mp-1278230,LaMnO3,-8.7770562735,-2.988675191086207,0.146589609523809,0.0,6.421398049741975,250.1558773215623,20,True,False,"La,Mn,O",3,Triclinic,2,P-1,5.544864957521418,7.984852815677631,5.652318173182663,89.38115011523587,90.04509009214382,91.49769420881941
mp-1278986,MnBO3,-8.5338120395,-2.39675402391954,0.032337464552087004,0.598599999999999,3.967412822876042,190.43316385079186,20,True,False,"B,Mn,O",3,Triclinic,2,P-1,4.71545154534897,5.603886316188525,7.472260020919507,74.88653718372173,87.66741909977023,88.36872732443919
mp-1311921,MnTlO3,-6.7686012805,-1.4931271957528751,0.06405137968749801,0.0,8.328550438722585,245.09240312916103,20,True,False,"Mn,O,Tl",3,Triclinic,2,P-1,5.640920216249384,5.551621461523201,7.836132757158278,87.99068527367785,88.49659013060409,88.57343191770164
mp-1405591,MnAlO3,-3.318865026,2.231429801413792,4.9516652271875,0.0,4.414304637970853,97.74293928796551,10,True,False,"Al,Mn,O",3,Triclinic,2,P-1,4.862618,4.989619468531142,5.238190453841956,116.54490345926497,89.17355516610034,117.59520690599837
mp-560199,MnSiO3,-8.6752206598,-2.788977392386208,0.008882381366671,2.959799999999999,3.759367343304468,578.7322873198204,50,False,False,"Mn,O,Si",3,Triclinic,2,P-1,6.691622848616578,7.610895265838855,11.852644329501393,105.50403504228342,92.44071504941725,94.38126199225833
mp-5945,MnSiO3,-8.675314685857142,-2.789071418443349,0.00878835530953,2.6058,3.6015471515372592,845.7293596037858,70,False,False,"Mn,O,Si",3,Triclinic,2,P-1,6.819431,7.709099944997795,16.26500928718078,92.16421079827487,96.39317566622091,94.87071768890368
mp-647680,MnSiO3,-8.3748873332,-2.488644065786208,0.309215707966671,0.0422,3.472021295604248,626.6284323257277,50,True,False,"Mn,O,Si",3,Triclinic,2,P-1,6.480352,8.12797605522931,12.413812731929905,103.05140443394573,89.64640536907635,100.1444924113177
mp-774250,MnAlO3,-8.224187442,-2.673892614586207,0.046342811187500006,1.2511,4.425479034357374,97.49613700077627,10,True,False,"Al,Mn,O",3,Triclinic,2,P-1,4.856435824961656,5.2444553895051875,4.972024429417961,63.53980408335697,117.70240264734767,91.07212880383247
mp-559975,SrMnO3,-7.6389496565,-2.499284377086207,0.0,0.0,5.1280402987673455,246.82028281498637,20,False,False,"Mn,O,Sr",3,Orthorhombic,20,C222_1,5.533027768080059,5.533027768080059,9.289115,90.0,90.0,119.78192161864115
mp-1016854,MnCdO3,-6.404873012,-1.411691312586207,0.27990697533333403,0.0,6.451628142884849,55.42670862107124,5,True,False,"Cd,Mn,O",3,Cubic,221,Pm-3m,3.8127619999999993,3.8127619999999993,3.8127619999999993,90.0,90.0,90.0
mp-1016852,BaMnO3,-7.54118007,-2.356205420586207,0.133739453666667,0.0,6.080659114987635,65.61237804092859,5,True,False,"Ba,Mn,O",3,Cubic,221,Pm-3m,4.033313,4.033313,4.033313,90.0,90.0,90.0
mp-1016932,MnZnO3,-6.31139953,-1.258271146586206,0.561172910000004,0.0,5.3488947483032945,52.26198479368501,5,True,False,"Mn,O,Zn",3,Cubic,221,Pm-3m,3.738769,3.738769,3.738769,90.0,90.0,90.0
mp-1017467,CaMnO3,-7.6212630180000005,-2.418963380586207,0.11654962733333601,0.0,4.322045985981163,54.946370694131424,5,True,False,"Ca,Mn,O",3,Cubic,221,Pm-3m,3.801716,3.801716,3.801716,90.0,90.0,90.0
mp-1017466,SrMnO3,-7.589702307,-2.450037027586207,0.049247349499999,0.0,5.463879681651756,231.64938296111515,20,False,False,"Mn,O,Sr",3,Cubic,221,Pm-3m,3.9030910016987814,8.625713699270745,7.685468003668026,63.5439485067142,89.99659717929033,89.99864260330551
mp-1075973,SmMnO3,-8.536504286,-2.791607397586207,0.199603839999999,0.0,7.117536561204043,59.09464695105582,5,True,False,"Mn,O,Sm",3,Cubic,221,Pm-3m,3.895077,3.895077,3.895077,90.0,90.0,90.0
mp-1080187,MnHgO3,-5.907926472,-1.044812403086208,0.30272734433333504,0.0,8.585315438643036,58.70689215358241,5,True,False,"Hg,Mn,O",3,Cubic,221,Pm-3m,3.886539,3.886539,3.886539,90.0,90.0,90.0
mp-1099619,EuMnO3,-9.462677474,-2.603875429586208,0.12567077068749902,0.0,7.263423334369363,58.274424527282676,5,True,False,"Eu,Mn,O",3,Cubic,221,Pm-3m,3.876972,3.876972,3.876972,90.0,90.0,90.0
mp-1183706,CeMnO3,-8.780599036,-2.7920294005862063,0.377304224000006,0.0,6.685230623331083,60.371551975903536,5,True,False,"Ce,Mn,O",3,Cubic,221,Pm-3m,3.922932,3.922932,3.922932,90.0,90.0,90.0
mp-1184948,KMnO3,-6.504970762000001,-1.477517156036207,0.280140147454546,0.0,3.809040682836771,61.91950425785535,5,True,False,"K,Mn,O",3,Cubic,221,Pm-3m,3.956178,3.956178,3.956178,90.0,90.0,90.0
mp-1185996,MnBO3,-7.485155182,-1.34809716641954,1.0809943220520881,0.0,4.817452414888827,39.20780690160286,5,True,False,"B,Mn,O",3,Cubic,221,Pm-3m,3.397224,3.397224,3.397224,90.0,90.0,90.0
mp-1399724,MnAlO3,-6.980929322,-1.430634494586207,1.2896009311875,0.0,4.06098517730827,53.123452978688,5,True,False,"Al,Mn,O",3,Cubic,221,Pm-3m,3.7592,3.7592,3.7592,90.0,90.0,90.0
mp-19025,LaMnO3,-8.717243282,-2.928862199586207,0.20640260102380903,0.0,6.544061474598911,61.36672420481146,5,False,False,"La,Mn,O",3,Cubic,221,Pm-3m,3.94437,3.94437,3.94437,90.0,90.0,90.0
mp-1434307,YMnO3,-8.80542923,-2.7024312685862073,0.325051983333333,0.0,5.486572953630488,58.06198077710698,5,True,False,"Mn,O,Y",3,Cubic,221,Pm-3m,3.872255,3.872255,3.872255,90.0,90.0,90.0
mp-864911,AcMnO3,-8.599044686,-2.973630023086206,0.0,0.0,8.802373253340264,62.241398829787876,5,True,False,"Ac,Mn,O",3,Cubic,221,Pm-3m,3.963021679999999,3.963021679999999,3.963021679999999,90.0,90.0,90.0
mp-975346,RbMnO3,-6.375374634,-1.378088158086207,0.37963623908333105,0.0,4.747142635255059,65.90328141912995,5,True,False,"Mn,O,Rb",3,Cubic,221,Pm-3m,4.039265,4.039265,4.039265,90.0,90.0,90.0
mp-976446,MgMnO3,-7.002803858,-1.875530193586207,0.49021219800000004,0.0,4.05295230583769,52.132135357475256,5,True,False,"Mg,Mn,O",3,Cubic,221,Pm-3m,3.73567,3.73567,3.73567,90.0,90.0,90.0
mp-1283081,LaMnO3,-8.698895915,-2.910514832586207,0.224749968023809,0.6151000000000001,6.529256936148967,123.0117361342206,10,True,False,"La,Mn,O",3,Cubic,225,Fm-3m,5.582734738932346,5.581586269060257,5.5827220109898,60.00796122126944,89.97534048745919,119.9920555740369
mp-1281528,LaMnO3,-8.746746991,-2.958365908586208,0.176898892023809,0.07160000000000001,6.417574981542556,250.30489980781863,20,True,False,"La,Mn,O",3,Orthorhombic,26,Pmc2_1,3.9666720001372684,11.072240044259518,5.6991170198902745,89.99010163585133,90.00080842552568,89.99998969317289
mp-1202955,MnBiO3,-7.378506857374999,-1.799320333961207,0.034808669725013,0.0,8.086361330838724,1024.836271058061,80,False,False,"Bi,Mn,O",3,Orthorhombic,31,Pmn2_1,5.6708549999999995,11.404948,15.845744,90.0,90.0,90.0
mp-1193069,HoMnO3,-8.473091854,-2.752376299586205,0.316122768000001,0.49420000000000003,6.973972823492783,382.6825028512317,30,True,False,"Ho,Mn,O",3,Orthorhombic,36,Cmc2_1,6.1174008426312065,6.1174008426312065,12.543845,90.0,90.0,125.39102333750115
mp-1258775,MnAlO3,-8.093744239333333,-2.54344941191954,0.176786013854167,0.9551000000000001,4.2375356100986075,305.46087390949106,30,True,False,"Al,Mn,O",3,Orthorhombic,36,Cmc2_1,6.025762933866383,6.0085486825431484,10.614482015287841,89.99296130828239,90.00154707344785,127.36064076728907
mp-2899517,HoMnO3,-8.789214622000001,-3.068499067586207,0.0,0.37659999999999905,7.237283256019215,368.7595580414855,30,True,False,"Ho,Mn,O",3,Orthorhombic,36,Cmc2_1,6.137198750759386,6.137198750759386,11.40697063,90.0,90.0,120.87520052420703
mp-546798,MnClO3,-6.011179252,-0.840291030586207,0.361621988861111,2.0431,2.245496154862825,204.6770351595788,10,False,False,"Cl,Mn,O",3,Orthorhombic,36,Cmc2_1,6.432041099200237,6.432041099200237,5.244794,90.0,90.0,109.38919389138657
mp-1272996,LaMnO3,-8.7482045255,-2.959823443086208,0.17544135752380802,0.5975,6.424936465973004,250.01810854808264,20,True,False,"La,Mn,O",3,Orthorhombic,55,Pbam,5.550811001478072,5.714156001995221,7.882481000002537,90.00002456564043,89.99990477689026,90.00283529846253
mp-1272373,LaMnO3,-8.750783121,-2.962402038586206,0.172862762023809,0.5803,6.458608355858248,248.71464164677838,20,True,False,"La,Mn,O",3,Orthorhombic,58,Pnnm,5.492280274674445,5.60165728823917,8.084110000004578,90.00010076537335,90.00006674914239,89.96349914995491
mp-643577,MnGeO3,-7.84675636875,-2.120971136336207,0.014911642249999002,1.307599999999999,4.80612996018636,970.5978536731133,80,False,False,"Ge,Mn,O",3,Orthorhombic,61,Pbca,5.47413077,9.21015288,19.25117844,90.0,90.0,90.0
mp-1105271,MnBiO3,-7.3876401055,-1.8084535820862082,0.025675421600012002,0.0,8.309139738363701,249.33978286772782,20,False,False,"Bi,Mn,O",3,Orthorhombic,62,Pnma,5.737314000000348,5.602912000000357,7.75656,90.0,90.0,89.99995957482422
mp-1106224,MnVO3,-8.902717021499999,-2.284756146086208,0.041752666499998,0.31570000000000004,4.8728754228681534,209.74885247726263,20,False,False,"Mn,O,V",3,Orthorhombic,62,Pnma,5.191411315165174,5.314814512767214,7.602011000877729,90.00163277681962,90.00061667312634,90.19251804940941
mp-1120793,LiMnO3,-6.8745640015,-1.6915997667528742,0.18392001396665902,0.0,3.9847255372421913,183.1548558590623,20,True,False,"Li,Mn,O",3,Orthorhombic,62,Pnma,5.021823,5.154043,7.076345,90.0,90.0,90.0
mp-1176417,MnTeO3,-7.1696906485,-1.73984980841954,0.034447071833326,3.006299999999999,5.688807256183541,269.1702663497081,20,True,False,"Mn,O,Te",3,Orthorhombic,62,Pnma,5.502735000036072,6.2080700000032225,7.879377000046831,90.0000402735122,89.99960583392968,90.00011784893532
mp-1180700,LaMnO3,-8.755401491499999,-2.9670204090862073,0.16824439152381002,1.1014,6.459553800722036,248.67823882581766,20,True,False,"La,Mn,O",3,Orthorhombic,62,Pnma,5.563543,5.565174,8.031702,90.0,90.0,90.0
mp-1180932,LaMnO3,-8.293129757500001,-2.504748675086207,0.6305161255238081,0.5346999999999991,5.180963898577695,310.04857285439806,20,True,False,"La,Mn,O",3,Orthorhombic,62,Pnma,4.137008,5.807498,12.90489,90.0,90.0,90.0
mp-1181443,HoMnO3,-8.4773038505,-2.756588296086206,0.3119107715,1.0638,6.747421477720456,263.68763077104825,20,True,False,"Ho,Mn,O",3,Orthorhombic,62,Pnma,5.976331,13.074903,3.374556,90.0,90.0,90.0
mp-1188379,TbMnO3,-8.445132787999999,-2.716380401919539,0.314236524500001,0.9344999999999991,6.422371567421256,270.82295315671564,20,False,False,"Mn,O,Tb",3,Orthorhombic,62,Pnma,3.407102,6.037715,13.165208,90.0,90.0,90.0
mp-1188804,DyMnO3,-8.4585087345,-2.73365396741954,0.323793291166664,1.0173,6.641157921993781,265.476147196803,20,True,False,"Dy,Mn,O",3,Orthorhombic,62,Pnma,3.400136,6.008605,12.99438,90.0,90.0,90.0
mp-1210642,MnTeO3,-6.9738733585000015,-1.5440325184195411,0.23026436183332602,0.36209999999999903,5.797068219463988,264.1434784599895,20,True,False,"Mn,O,Te",3,Orthorhombic,62,Pnma,5.587307,5.746398,8.227003,90.0,90.0,90.0
mp-1368992,MnAlO3,-8.122675318,-2.572380490586207,0.147854935187499,0.5506000000000001,4.298973249194269,200.7303070837377,20,True,False,"Al,Mn,O",3,Orthorhombic,62,Pnma,4.874014,4.959942,8.303278,90.0,90.0,90.0
mp-17554,LaMnO3,-8.798112388,-3.009731305586207,0.125533495023809,0.0,6.297394529869173,255.08175724819074,20,False,False,"La,Mn,O",3,Orthorhombic,62,Pnma,5.8714300000068125,7.777420048382689,5.585996149126134,90.10098824572447,89.99992000672812,89.9998482979766
mp-19201,CaMnO3,-7.7027377015,-2.500438064086206,0.035074943833336,0.468599999999999,4.357036329648904,218.02043676963348,20,False,False,"Ca,Mn,O",3,Orthorhombic,62,Pnma,5.333444,5.398953,7.571465,90.0,90.0,90.0
mp-19319,ErMnO3,-8.762813469,-3.048090045586206,0.034405180666666,1.0455,8.192693324289696,219.05849135196715,20,False,False,"Er,Mn,O",3,Orthorhombic,62,Pnma,5.1987350513304404,5.75413520145949,7.322887230001997,89.99999593771057,90.00008523305515,90.00258599930808
mp-20614,EuMnO3,-9.5115735725,-2.6527715280862063,0.076774672187498,0.0,7.536527630141269,224.65083958060256,20,False,False,"Eu,Mn,O",3,Orthorhombic,62,Pnma,5.40858695,5.41134345,7.67572013,90.0,90.0,90.0
mp-20699,YMnO3,-9.1073859565,-3.004387995086206,0.023095256833332002,0.405199999999999,5.409312604726616,235.56508314016247,20,False,False,"Mn,O,Y",3,Orthorhombic,62,Pnma,5.336231,5.889455,7.49551,90.0,90.0,90.0
mp-20852,NdMnO3,-8.71828796,-2.963478812086206,0.0,1.8980000000000001,6.966899940186665,235.65668274841266,20,False,False,"Mn,Nd,O",3,Orthorhombic,62,Pnma,5.43900702,5.5949762100000004,7.74393852,90.0,90.0,90.0
mp-21125,LuMnO3,-8.765617151499999,-3.06009999941954,0.050306498166669,0.44819999999999904,8.19174681149193,225.3337197434038,20,False,False,"Lu,Mn,O",3,Orthorhombic,62,Pnma,5.241762,5.774885,7.443986,90.0,90.0,90.0
mp-22055,TbMnO3,-8.7593693125,-3.03061692641954,0.0,0.4016,7.738046495726133,224.7758055110435,20,False,False,"Mn,O,Tb",3,Orthorhombic,62,Pnma,5.27122738,5.63501917,7.56732549,90.0,90.0,90.0
mp-22081,HoMnO3,-8.760399524,-3.039683969586206,0.028815098,0.43510000000000004,7.647609381155825,232.6493802962633,20,False,False,"Ho,Mn,O",3,Orthorhombic,62,Pnma,5.312082,5.85681,7.477837,90.0,90.0,90.0
mp-22103,DyMnO3,-8.7599994545,-3.03514468741954,0.022302571166664002,0.41339999999999905,7.51659738148573,234.55679858536567,20,False,False,"Dy,Mn,O",3,Orthorhombic,62,Pnma,5.330322,5.867879,7.499174,90.0,90.0,90.0
mp-22224,MnSeO3,-7.130987467,-1.6306255100549572,0.020254424499987003,2.8432999999999993,4.6768087554662365,258.33497727467676,20,False,False,"Mn,O,Se",3,Orthorhombic,62,Pnma,5.2080640000008644,6.187389,8.016771000000999,90.0,89.99993840796563,90.0
mp-22203,SmMnO3,-8.736108126,-2.991211237586206,0.0,0.27440000000000003,7.267318238962783,231.50675196280685,20,False,False,"Mn,O,Sm",3,Orthorhombic,62,Pnma,5.35857691,5.63273957,7.66998512,90.0,90.0,90.0
mp-22564,PrMnO3,-8.703889929000002,-2.943615975919542,0.0,0.057,6.81260699932876,237.7429455944275,20,False,False,"Mn,O,Pr",3,Orthorhombic,62,Pnma,5.4792669400000005,5.57528151,7.78248656,90.0,90.0,90.0
mp-510575,GdMnO3,-10.598357226999923,-2.98195311758613,0.0,0.404099999999999,7.5469574291453725,228.9926389386748,20,False,False,"Gd,Mn,O",3,Orthorhombic,62,Pnma,5.33266967,5.63531689,7.62006186,90.0,90.0,90.0
mp-554270,TmMnO3,-8.7547630775,-3.057083120086209,0.041078848500001,2.007599999999999,7.907812370132415,228.35721964620046,20,False,False,"Mn,O,Tm",3,Orthorhombic,62,Pnma,5.270793,5.812419,7.453871,90.0,90.0,90.0
mp-754657,HfMnO3,-9.964329764999999,-3.171712297586205,0.053202233500005004,3.3253,7.793032028641508,239.86518852817116,20,True,False,"Hf,Mn,O",3,Orthorhombic,62,Pnma,5.411020000089631,5.606515000091411,7.906697000001644,89.99998253421957,89.99993200144282,90.00065527433318
mp-770870,MnTlO3,-6.7789154620000005,-1.5034413772528752,0.053737198187498,0.0,8.500617697942056,240.1313074111218,20,True,False,"Mn,O,Tl",3,Orthorhombic,62,Pnma,5.421774,5.560387,7.965304,90.0,90.0,90.0
mp-770581,MgMnO3,-7.416279121,-2.289005456586206,0.076736935,0.6265000000000001,4.4195458038819755,191.23146819271153,20,True,False,"Mg,Mn,O",3,Orthorhombic,62,Pnma,5.008101,5.227589,7.304405,90.0,90.0,90.0
mp-772528,MnZnO3,-6.774189988000001,-1.721061604586207,0.098382452000003,0.12040000000000001,5.731355844333344,195.097888591396,20,True,False,"Mn,O,Zn",3,Orthorhombic,62,Pnma,5.188248,7.405507,5.077817,90.0,90.0,90.0
mp-1273223,LaMnO3,-8.687858434499999,-2.899477352086207,0.23578744852381,0.0,6.5397486258757205,245.62877790261717,20,True,False,"La,Mn,O",3,Orthorhombic,65,Cmmm,3.9393250002290996,8.82393315838113,7.9034730046351775,63.390731602030165,90.00055180689232,89.99925949291935
mp-674482,MnFeO3,-8.319443517249999,-1.824259613836207,0.036245984437501,0.8193,4.844192803883177,435.4285158171741,40,True,False,"Fe,Mn,O",3,Orthorhombic,73,Ibca,8.270182213392278,8.270182487766396,8.27018269056742,109.70983635558984,109.27085988448717,109.43326911182369
mp-1279320,LaMnO3,-8.7524285425,-2.9640474600862072,0.17121734052380802,0.0,6.472475763201587,248.1817656076625,20,True,False,"La,Mn,O",3,Tetragonal,83,P4/m,4.021440000049858,7.889233526710817,7.8228229635354785,89.61046358998173,89.99960278590574,89.99956264850553
mp-532143,MnSiO3,-8.600073681125,-2.713830413711206,0.08402936004167201,2.6502,4.16965051865004,834.8583658931389,80,True,False,"Mn,O,Si",3,Tetragonal,88,I4_1/a,10.274505981685834,10.274505981685834,10.274505981685834,109.12427507593512,109.12427507593512,110.16736258462939
mp-1106239,MnBiO3,-7.383415411,-1.804228887586207,0.029900116100012003,0.09580000000000001,8.049140656477718,257.3938245834839,20,False,False,"Bi,Mn,O",3,Monoclinic,9,Cc,5.614531589210448,5.614531589210448,9.984488106820999,72.43527193535445,72.43527193535445,60.806825672147745
mp-690525,MnCO3,-8.578940629,-1.931564438586208,0.081420198,3.449,3.406176884268524,112.07515008417518,10,True,False,"C,Mn,O",3,Monoclinic,9,Cc,4.942867770017827,4.942867770017827,5.621692040608771,72.80355150631155,72.80355150631155,60.26117942274778
mp-1244876,CrFeO3,-7.871101631,-1.277711291999998,0.7591282689999961,0.7842,3.619926268186483,1143.7901287033228,80,True,False,"Cr,Fe,O",3,Triclinic,1,P1,10.12006643449345,10.478226356882733,10.910006713883956,93.22044296048321,88.31479474294504,82.27422987269695
mp-1244905,CrFeO3,-8.199979077875001,-1.606588738875,0.43025082212499405,0.094199999999999,4.118099469379599,1005.4239736004539,80,True,False,"Cr,Fe,O",3,Triclinic,1,P1,10.521853442825417,10.276026926671141,9.523828031152972,96.17737423098235,99.54326460621927,83.86445829058022
mp-1245072,CrFeO3,-8.182853863375,-1.589463524374998,0.44737603662499603,0.47850000000000004,3.990322905096773,1037.6192680790436,80,True,False,"Cr,Fe,O",3,Triclinic,1,P1,10.352727356116551,10.126989834941922,9.956553453339664,85.03185829718606,86.4923846401027,88.16394058063801
mp-1245147,CrFeO3,-8.171789855750001,-1.578399516749999,0.458440044249995,0.480199999999999,4.048469000259947,1022.7164718118642,80,True,False,"Cr,Fe,O",3,Triclinic,1,P1,10.021260800818446,10.936568268558393,9.34707862773875,91.27039424097728,93.00455528701563,89.38567011465057
mp-1245144,CrFeO3,-8.22247648325,-1.6290861442499982,0.40775341674999505,0.44070000000000004,3.971338978378312,1042.579330227886,80,True,False,"Cr,Fe,O",3,Triclinic,1,P1,10.252635765305476,10.894557668590725,9.426688667326719,92.83451381499064,94.6276090371373,95.69280771162227
mp-1245204,CrFeO3,-8.24865710575,-1.6552667667499992,0.381572794249995,0.6733,4.030635954437641,1027.2413532229396,80,True,False,"Cr,Fe,O",3,Triclinic,1,P1,10.072279480451334,10.2726998073615,10.034464533697351,90.90018278522403,97.93299623625698,87.42766252630831
mp-1245179,CrFeO3,-8.23121358425,-1.6378232452499981,0.399016315749996,0.42550000000000004,4.177055683186698,991.2331187854305,80,True,False,"Cr,Fe,O",3,Triclinic,1,P1,9.957239187202346,9.965952653590573,10.003745609490178,89.27478508571548,87.93391509414947,92.19663766995254
mp-1245260,CrFeO3,-8.222712766250002,-1.629322427249999,0.40751713374999404,0.387,4.036968378438651,1025.63001342778,80,True,False,"Cr,Fe,O",3,Triclinic,1,P1,9.655590124420607,10.195672146571749,10.500629162584456,88.81757557835326,96.66938364259396,87.76435527873029
mp-551451,FeBiO3,-6.677269874000001,-1.236482167000001,0.43792711700000003,1.6259000000000001,3.935109620597321,132.00542267882287,5,True,False,"Bi,Fe,O",3,Triclinic,1,P1,5.430644,5.458528411681669,5.524043330056888,66.90638248766575,67.50512893589979,65.21539056092885
mp-861324,GaFeO3,-2.575484098,2.6929159515,4.680959962499999,0.0,5.292871616330619,435.6250846546974,40,True,False,"Fe,Ga,O",3,Triclinic,1,P1,5.164322,8.853184748307752,9.527997231888504,89.90989574468774,89.90724306866065,89.9149738485155
mp-868005,GaFeO3,-7.2197755185,-1.951375469,0.036668541999999006,2.1227,5.286571144947953,436.14425734795844,40,True,False,"Fe,Ga,O",3,Triclinic,1,P1,5.164622,8.859773214835975,9.531697297072595,89.96400447472574,89.8873282742936,89.93213572896067
mp-1181394,FeBiO3,-6.8585577465,-1.4177700395000001,0.25663924450000103,0.12760000000000002,8.436434664738288,246.29162882069974,20,False,False,"Bi,Fe,O",3,Monoclinic,11,P2_1/m,5.633780047762337,5.553403143281604,7.876305,90.0,90.0,88.12752217846639
mp-1639105,CdFeO3,-6.156007203,-1.30122432,0.0999410795,0.0,6.357808778789962,225.92598167740076,20,True,False,"Cd,Fe,O",3,Monoclinic,11,P2_1/m,5.368368192207573,5.489292527349403,7.667267014813753,89.99821875925718,89.99297410554797,89.29287302273563
mp-1193035,FeBiO3,-7.058785729999999,-1.6179980230000002,0.056411261000001,1.6433,8.216757680391034,379.3144417492893,30,False,False,"Bi,Fe,O",3,Monoclinic,12,C2/m,5.611531675446375,7.9447849999999995,9.81426749185842,113.875897425996,106.91210572291881,90.0
mp-752790,LiFeO3,-6.437056763000001,-1.392491344666667,0.1723008051,0.1985,3.397188264440883,108.3022062613327,10,True,False,"Fe,Li,O",3,Monoclinic,12,C2/m,6.615945256586394,6.615945256586394,5.991670238264119,76.76104320255503,76.76104320255503,25.139097243360215
mp-761189,LiFeO3,-6.177499294,-1.132933875666667,0.43185827410000105,0.0,3.814901010366745,96.44365165026527,10,True,False,"Fe,Li,O",3,Monoclinic,12,C2/m,5.79940734025064,5.79940734025064,6.194660014744393,72.8844489767387,72.8844489767387,29.071690635326206
mp-1181635,FeBiO3,-5.012193886,0.42859382099999904,2.103003105000001,0.0,4.7195436197539085,110.06483901965457,5,True,False,"Bi,Fe,O",3,Tetragonal,123,P4/mmm,6.220049513751237,5.521600696125536,4.465726156346468,90.19429885541882,134.14054172224303,89.72101114652958
mp-1199561,FeSiO3,-8.32495068225,-2.5771062312499993,0.015693276416671002,0.7031000000000001,3.826685495614563,457.98957997841615,40,False,False,"Fe,O,Si",3,Monoclinic,14,P2_1/c,9.226737,5.315424,9.587240849586392,76.91569321713199,90.0,90.0
mp-1199904,FeBO3,-8.17708015475,-2.178420955583333,0.09194137625000201,1.517599999999999,3.787766300929518,402.110928972674,40,False,False,"B,Fe,O",3,Monoclinic,14,P2_1/c,3.149366497262584,10.364107,12.426982981218933,90.0,97.54344783779013,90.0
mp-1272846,CaFeO3,-7.2877994345,-2.2238986135,0.004620416999999001,0.060700000000000004,4.218090935409315,226.6302730514852,20,False,False,"Ca,Fe,O",3,Monoclinic,14,P2_1/c,5.370985060783357,5.5027770051832015,7.669601040843129,89.99956389087106,88.82901137974117,90.00498280840604
mp-1259818,AlFeO3,-7.768090902999999,-2.356194891999999,0.2106262885,1.360799999999999,4.390702550514783,197.90872811237276,20,True,False,"Al,Fe,O",3,Monoclinic,14,P2_1/c,4.982350366878467,5.001520929513841,7.943456491072195,91.03709340673778,89.68984124567314,90.2328303559714
mp-1290304,CdFeO3,-6.1633916635,-1.308608780499999,0.092556619,0.0,6.323486941800345,227.15223465874132,20,True,False,"Cd,Fe,O",3,Monoclinic,14,P2_1/c,5.37915512955464,5.506005087310218,7.669568101414381,89.99227199072672,90.26211391639292,89.98123974426123
mp-756419,ScFeO3,-8.629074974,-2.699800307999999,0.138111688874998,1.2694,4.908118132097733,201.36983821600379,20,True,False,"Fe,O,Sc",3,Monoclinic,14,P2_1/c,5.023174482455591,5.397466407056741,7.427368276864492,90.10703547031295,89.65309210942323,90.02223936197204
mp-1272388,FeNiO3,-7.099244788,-1.280436607,0.07753396433333201,0.0,5.330427562165263,101.26706381606004,10,True,False,"Fe,Ni,O",3,Trigonal,146,R3,5.051717697700555,5.431569312275137,5.051735002974225,62.28753419199629,59.99917527134649,89.99929356860765
mp-1303831,MgFeO3,-6.998474354000001,-2.009599506,0.11357428450000001,0.229499999999999,4.100057629308676,207.60205016957303,20,True,False,"Fe,Mg,O",3,Trigonal,146,R3,5.08213865420553,5.474779822415327,7.49991851409927,84.19248742411975,89.87475856486058,89.80349116213944
mp-654759,FeBiO3,-6.52657535,-1.085787643,0.588621641000001,1.1601,4.354910310918767,119.2804837913782,5,False,False,"Bi,Fe,O",3,Trigonal,146,R3,5.136741822521354,5.136741391616576,5.136741334652738,72.09140823106492,72.09139948535655,72.09140023499245
mp-548231,FeBiO3,-7.053073915999997,-1.612286208999997,0.062123075000004004,0.0,8.8942255344319,116.80742898715596,10,True,False,"Bi,Fe,O",3,Trigonal,146,R3,5.498973982972612,5.498970037704628,5.498970758351166,59.711085459580914,59.71107705671814,59.71120248430919
mp-655631,FeBiO3,-6.6749197460000005,-1.234132039,0.44027724500000004,1.7789000000000001,4.044418207321099,128.43770899214786,5,False,False,"Bi,Fe,O",3,Trigonal,146,R3,5.427758962452644,5.427758962452644,5.42775796755981,66.29821601399705,66.29821601399705,66.2982188886984
mp-1078458,CrFeO3,-8.620241222,-2.026850883,0.009988677999995001,0.0,5.148927639504908,100.51694794704083,10,False,False,"Cr,Fe,O",3,Trigonal,148,R-3,5.047006350221019,5.0461280362738306,5.409819622053433,62.18937192794541,117.81455598083208,120.0042254949021
mp-1178577,AlFeO3,-7.946164339000001,-2.534268328,0.032552852499998,2.1792,4.499455863270265,193.12520973604154,20,True,False,"Al,Fe,O",3,Trigonal,148,R-3,4.963586850660417,4.963348703352808,9.494494209231263,105.1516002685997,90.00137237921214,119.99849084483289
mp-540655,FeSO3,-7.138344802666667,-1.6480844151666671,0.105119724025639,2.7701000000000002,3.517355212430613,384.9725636587033,30,False,False,"Fe,O,S",3,Trigonal,148,R-3,7.939677485494736,7.929676010159116,7.944167013603503,109.22212729916853,109.5318350901386,109.66899001802582
mp-754915,NaFeO3,-6.314208284,-1.383083283275861,0.055216262999998,0.0,3.5780754547836082,117.72311852213569,10,True,False,"Fe,Na,O",3,Trigonal,148,R-3,5.081973296933879,5.081823000946511,6.026080112493029,65.06173315736034,89.99959398153754,59.99876032326671
mp-754508,MgFeO3,-6.997321393999999,-2.008446545999999,0.114727244500001,0.0,4.063720553067422,104.72919564011151,10,True,False,"Fe,Mg,O",3,Trigonal,148,R-3,5.506430095537217,5.506430095537217,5.506429910624124,55.144717116509376,55.144717116509376,55.14472314595074
mp-755099,ZnFeO3,-6.380725602,-1.465996034999999,0.11370192550000001,0.0,5.322641210251818,105.60542373837738,10,True,False,"Fe,O,Zn",3,Trigonal,148,R-3,5.497108043216997,5.497108043216997,5.49710760361274,55.65057930535887,55.65057930535887,55.65058377620757
mp-768499,FeNiO3,-7.094728297,-1.275920116,0.08205045533333101,0.38419999999999904,5.296360279461146,101.91843447621245,10,True,False,"Fe,Ni,O",3,Trigonal,148,R-3,5.055914763796755,5.451279583340961,5.055900000072193,62.371699190870366,59.99972519205446,89.99977642445228
mp-18269,FeSiO3,-8.322428204000001,-2.574583753,0.01821575466667,1.452199999999999,3.760758103493171,233.00914797180513,20,False,False,"Fe,O,Si",3,Monoclinic,15,C2/c,5.392017583893991,6.7768129122065925,6.788578601318394,86.18256993038567,75.73327588560036,75.75190409272952
mp-22334,FeGeO3,-7.504117007,-1.9167305910000012,0.012197311499998,1.9617,5.191813043777707,225.78413030477273,20,False,False,"Fe,Ge,O",3,Monoclinic,15,C2/c,6.687314112384484,6.687314112384484,5.175052625489379,81.47574199350242,81.47574199350242,84.79373087443479
mp-561362,FeSiO3,-8.256560125,-2.5087156740000003,0.084083833666671,2.9807,3.805390637696693,230.27623832947737,20,False,False,"Fe,O,Si",3,Monoclinic,15,C2/c,5.367727314173383,6.847111509900434,6.847111913191868,80.825133507247,73.39654772922793,73.39654754278558
mp-752416,MgFeO3,-6.936062445499999,-1.947187597499998,0.175986193000001,0.11290000000000001,3.787819249982385,224.71514966344782,20,True,False,"Fe,Mg,O",3,Monoclinic,15,C2/c,6.497502189002863,6.497502189002863,5.361173624170178,89.97931548020698,89.97931548020698,83.13996801661749
mp-752521,LiFeO3,-6.462050524,-1.417485105666666,0.147307044100001,0.33329999999999904,3.59969868515039,204.41876740507468,20,True,False,"Fe,Li,O",3,Monoclinic,15,C2/c,4.914265617969485,4.914265617969485,9.70886556057349,86.19702506745664,86.19702506745664,118.44746454818629
mp-755535,ZnFeO3,-6.3785908425,-1.4638612755,0.11583668500000001,0.0,4.942058599253891,227.47596740388872,20,True,False,"Fe,O,Zn",3,Monoclinic,15,C2/c,6.584160746261971,6.584160746261971,5.311600733242381,84.35940263395676,84.35940263395676,85.45456835206335
mp-849295,FeBO3,-8.1663691055,-2.167709906333333,0.102652425500002,0.512999999999999,3.239089326568591,235.11272342891718,20,True,False,"B,Fe,O",3,Monoclinic,15,C2/c,4.988757981163147,8.657854000272412,5.456182502449309,89.99964313528228,93.91656595247034,90.000854208999
mp-22949,FeBiO3,-7.08161758,-1.640829873,0.033579411000001,1.7783,7.773373896524185,133.6500252449514,10,False,False,"Bi,Fe,O",3,Trigonal,160,R3m,5.662175000004326,5.662543744314035,5.818595242377407,119.11880735492355,89.99992081185553,119.99798096650767
mp-705845,BaFeO3,-6.7358719659999995,-1.6892961329999991,0.46098499733333204,0.0,3.8551060801373573,415.52427401475444,20,True,False,"Ba,Fe,O",3,Trigonal,160,R3m,13.050380726429863,13.050380726429863,13.050381146946208,27.403776777827506,27.403776777827506,27.40377804320562
mp-23501,FeBiO3,-7.113564488,-1.672776781,0.001632503000001,1.279099999999999,8.287008783415024,125.36629858388716,10,False,False,"Bi,Fe,O",3,Trigonal,161,R3c,5.588111297438877,5.588104960371853,5.647855250082794,60.350634408791635,119.64937733189838,119.99963616964396
mp-1078634,LaFeO3,-8.502908070000007,-2.852925804000007,0.0,1.950899999999999,6.982962229917882,115.45061726760383,10,False,False,"Fe,La,O",3,Trigonal,167,R-3c,5.427511549416883,5.423071091497302,5.434553664163022,61.105983714668774,60.84843943056063,60.804178103975474
mp-18969,FeCO3,-8.298319626,-1.789342252,0.0,0.0,4.030868222290347,95.4533447182052,10,False,False,"C,Fe,O",3,Trigonal,167,R-3c,5.679365807935329,5.679365930467997,5.67936025914306,48.88741060816429,48.88740145843075,48.887431816635356
mp-19097,FeBO3,-8.269021531000002,-2.270362331833334,0.0,1.481599999999999,4.222110400646406,90.18607292723622,10,False,False,"B,Fe,O",3,Trigonal,167,R-3c,5.52196401856736,5.521963684117294,5.52196325630176,49.74109870907747,49.741092123711994,49.74110200893897
mp-1193395,LuFeO3,-8.468754416333333,-2.901636080666666,0.013801381291665001,0.0,7.791219595066053,356.53614196145696,30,False,False,"Fe,Lu,O",3,Hexagonal,185,P6_3cm,5.9620164542024074,5.9620198556893875,11.581593891907895,89.9984815041002,89.99847915140374,119.995884492746
mp-1376289,YFeO3,-8.781297638666668,-2.816698493666668,0.013783144208330001,1.2742,5.099700507977772,376.5719109281056,30,True,False,"Fe,O,Y",3,Hexagonal,185,P6_3cm,6.100083197427992,6.1000802338276925,11.6853309100003,90.00000930749,89.99998998663989,119.99886440778639
mp-558400,TmFeO3,-8.448114512666667,-2.888833371666667,0.009748756583332002,0.0,7.479670757668568,363.35092316187996,30,False,False,"Fe,O,Tm",3,Hexagonal,185,P6_3cm,6.009661294779001,6.009671987021604,11.616928750008453,89.99988474607207,90.00013349526738,119.99918964747502
mp-771123,ScFeO3,-8.708788777333332,-2.779514111333333,0.05839788554166601,0.9222999999999991,4.323275167408495,342.91604718674466,30,True,False,"Fe,O,Sc",3,Hexagonal,185,P6_3cm,5.847179635836066,5.847179635836066,11.581486,90.0,90.0,119.99999587957038
mp-1192651,BaFeO3,-7.196856963333332,-2.1502811303333322,0.0,0.0,6.361031509429975,377.7430168733332,30,False,False,"Ba,Fe,O",3,Hexagonal,194,P6_3/mmc,5.644466395672615,5.644466655576839,13.690474460000594,89.9999768458424,90.00002746207848,119.99965499586604
mp-1275986,YFeO3,-8.786369046999999,-2.821769901999999,0.008711735874999,0.0,5.066710990725307,252.68252178655933,20,True,False,"Fe,O,Y",3,Hexagonal,194,P6_3/mmc,3.5436246756997005,12.160160595023292,6.129449404336045,75.40342710604354,90.00431811485693,81.6183093772799
mp-1274711,FeBO3,-8.1665428,-2.167883600833333,0.102478731000001,0.6726999999999991,3.224428721596601,236.18171736852372,20,True,False,"B,Fe,O",3,Hexagonal,194,P6_3/mmc,4.998054302897579,7.387514288143882,7.38774593911932,108.32990117715308,70.5900308829837,109.41150467463842
mp-1398131,AlFeO3,-7.713172641,-2.301276629999999,0.26554455049999903,0.0,4.126959209953927,105.2782827603756,10,True,False,"Al,Fe,O",3,Hexagonal,194,P6_3/mmc,3.1875995002139144,3.1875995002139144,11.964116,90.0,90.0,119.99998962680789
mp-21094,InFeO3,-7.017711596000001,-1.8030960023333331,0.047483367999999006,1.2138,5.877028897425036,123.56429457364851,10,False,False,"Fe,In,O",3,Hexagonal,194,P6_3/mmc,3.397549,3.397548105155393,12.360357,90.0,90.0,119.9999989761698
mp-754342,ScFeO3,-8.694239036,-2.76496437,0.072947626874997,0.0,4.208115250017525,117.43344650570573,10,True,False,"Fe,O,Sc",3,Hexagonal,194,P6_3/mmc,3.369388343633307,3.369388343633307,11.944255,90.0,90.0,120.00000674739563
mp-1264966,AlFeO3,-7.7426695995,-2.3307735885,0.23604759199999903,0.6687000000000001,4.398481964523095,197.55869509092068,20,True,False,"Al,Fe,O",3,Triclinic,2,P-1,4.974753428114494,4.9997173514073046,7.945401365495271,88.65856987291879,90.34331471233793,90.39421631063696
mp-1279364,MgFeO3,-6.998651236500001,-2.0097763885,0.11339740200000001,0.2,4.083771894673067,208.42994947102034,20,True,False,"Fe,Mg,O",3,Triclinic,2,P-1,4.9928741676483295,5.40624239386369,7.771013136186877,84.32479156575621,93.06461284884215,90.65209114381669
mp-2767577,FeSiO3,-10.5515721445,-2.330621306749999,0.036428289333333,0.252799999999999,3.970992446960131,220.6730567049612,20,True,False,"Fe,O,Si",3,Triclinic,2,P-1,5.274960418923325,6.710714211292893,6.749869523897548,81.73153465881336,73.9795914187131,74.50215933826688
mp-650392,FeSiO3,-8.317575560777778,-2.569731109777778,0.023068397888893002,2.7187,3.7729731675733493,1045.1464962152727,90,False,False,"Fe,O,Si",3,Triclinic,2,P-1,6.753778,7.555640724160261,20.896418635201798,84.26484862176252,81.20590443011966,84.60398827462444
mp-1001571,CaFeO3,-7.2402726,-2.176371779,0.052147251500000005,0.0,4.231856237217894,56.47327359803378,5,True,False,"Ca,Fe,O",3,Cubic,221,Pm-3m,3.8366100000000003,3.8366100000000003,3.8366100000000003,90.0,90.0,90.0
mp-1076368,MgFeO3,-6.604848745999999,-1.615973897999998,0.5071998925000011,0.0,3.9844406862350312,53.40651528572358,5,True,False,"Fe,Mg,O",3,Cubic,221,Pm-3m,3.765865,3.765865,3.765865,90.0,90.0,90.0
mp-1075904,EuFeO3,-9.079024254,-2.358621026000001,0.21751092899999902,0.0,7.3556262992492,57.74869900077947,5,True,False,"Eu,Fe,O",3,Cubic,221,Pm-3m,3.865278,3.865278,3.865278,90.0,90.0,90.0
mp-1099588,SmFeO3,-8.187931516,-2.581433444000001,0.222370185499999,0.723499999999999,7.066202913845533,59.73708222101029,5,True,False,"Fe,O,Sm",3,Cubic,221,Pm-3m,3.909141,3.909141,3.909141,90.0,90.0,90.0
mp-1184032,GaFeO3,-6.315184128,-1.0467840785,0.9412599324999991,0.0,5.316604208992787,54.210064246236215,5,True,False,"Fe,Ga,O",3,Cubic,221,Pm-3m,3.784658,3.784658,3.784658,90.0,90.0,90.0
mp-1184033,GaFeO3,-6.285739848,-1.0173397985,0.970704212499999,0.0,5.205957994132141,55.3622322858092,5,True,False,"Fe,Ga,O",3,Cubic,221,Pm-3m,3.811283,3.811283,3.811283,90.0,90.0,90.0
mp-1184234,FeAgO3,-5.926390778,-0.695022397333332,0.345864825833333,0.0,6.101360078973732,57.61912852121193,5,True,False,"Ag,Fe,O",3,Cubic,221,Pm-3m,3.862384999999999,3.862384999999999,3.862384999999999,90.0,90.0,90.0
mp-1184215,FeAsO3,-6.48276029,-0.8859549385000001,0.7807650435000001,0.0,5.412087243894191,54.84869713950589,5,True,False,"As,Fe,O",3,Cubic,221,Pm-3m,3.799462,3.799462,3.799462,90.0,90.0,90.0
mp-1184349,FeRhO3,-6.499841534000001,-0.364199115,1.037876189249996,0.0,5.794535835922729,59.247936856376974,5,True,False,"Fe,O,Rh",3,Cubic,221,Pm-3m,3.8984419999999993,3.8984419999999993,3.8984419999999993,90.0,90.0,90.0
mp-1185320,LiFeO3,-6.294544591999999,-1.249979173666666,0.31481297610000203,0.0,3.414350063209818,53.878919459443516,5,True,False,"Fe,Li,O",3,Cubic,221,Pm-3m,3.776936,3.776936,3.776936,90.0,90.0,90.0
mp-1186134,NaFeO3,-6.223837712,-1.292712711275861,0.145586834999998,0.0,3.747324649399237,56.203056881149166,5,True,False,"Fe,Na,O",3,Cubic,221,Pm-3m,3.830481,3.830481,3.830481,90.0,90.0,90.0
mp-1186220,NbFeO3,-8.593945928,-1.910904074999999,0.555858301499986,0.0,5.090930893481664,64.17497521827609,5,True,False,"Fe,Nb,O",3,Cubic,221,Pm-3m,4.003642,4.003642,4.003642,90.0,90.0,90.0
mp-1187220,TaFeO3,-9.176723004,-2.140556650466666,0.5382121325000511,0.0,7.5044199147459025,63.017091198476514,5,True,False,"Fe,O,Ta",3,Cubic,221,Pm-3m,3.979416999999999,3.979416999999999,3.979416999999999,90.0,90.0,90.0
mp-1421498,AlFeO3,-6.574422203999999,-1.162526192999999,1.4042949875000001,0.0,3.955828732210649,54.91632829150119,5,True,False,"Al,Fe,O",3,Cubic,221,Pm-3m,3.801023,3.801023,3.801023,90.0,90.0,90.0
mp-1416093,YFeO3,-8.454524802,-2.489925657,0.34055598087499905,0.6372999999999991,5.465937800635578,58.55670870199426,5,True,False,"Fe,O,Y",3,Cubic,221,Pm-3m,3.883222,3.883222,3.883222,90.0,90.0,90.0
mp-19035,BaFeO3,-7.148832340666665,-2.102256507666665,0.048024622666666,0.0,6.490300408521839,61.70323615127433,5,False,False,"Ba,Fe,O",3,Cubic,221,Pm-3m,3.95157012,3.95156495,3.95156495,90.0,90.0,90.0
mp-510624,SrFeO3,-7.224249359999999,-2.222982896999998,0.0,0.0,5.664240346569506,56.12970212480508,5,False,False,"Fe,O,Sr",3,Cubic,221,Pm-3m,3.82881691,3.82881275,3.82881172,90.0,90.0,90.0
mp-547069,FeBiO3,-6.859884235999999,-1.419096528999999,0.255312755000002,0.0,8.460920207507165,122.78943566765976,10,False,False,"Bi,Fe,O",3,Cubic,221,Pm-3m,3.9444496628313055,3.9444496628313055,7.892021,90.0,90.0,90.03138878980074
mp-552676,LaFeO3,-8.372899576,-2.722917310000001,0.130008494000007,0.848399999999999,6.50503335833213,61.96642318273111,5,False,False,"Fe,La,O",3,Cubic,221,Pm-3m,3.957176999999999,3.957176999999999,3.957176999999999,90.0,90.0,90.0
mp-861502,AcFeO3,-8.258555312000002,-2.771539465500001,0.0,0.9887999999999991,8.889999465919495,61.79731063258672,5,True,False,"Ac,Fe,O",3,Cubic,221,Pm-3m,3.95356962,3.953567500001287,3.953584510001286,90.00009245985731,90.0,90.0
mp-864636,CeFeO3,-8.422955156,-2.572784337,0.37612913599999503,0.0,6.6558368488298125,60.86443995809566,5,True,False,"Ce,Fe,O",3,Cubic,221,Pm-3m,3.933579,3.933579,3.933579,90.0,90.0,90.0
mp-973648,FeRhO3,-6.602590334,-0.46694791500000005,0.935127389249996,0.0,6.406821234410597,53.58574568537138,5,True,False,"Fe,O,Rh",3,Cubic,221,Pm-3m,3.770073,3.770073,3.770073,90.0,90.0,90.0
mp-975322,RbFeO3,-6.023394786,-1.164507126499999,0.266845015666669,0.0,4.74818876599991,66.20594225067894,5,True,False,"Fe,O,Rb",3,Cubic,221,Pm-3m,4.045439,4.045439,4.045439,90.0,90.0,90.0
mp-605340,LaFeO3,-8.2110151845,-2.561032918500001,0.291892885500006,1.766,4.836286084147502,333.39107148475915,20,True,False,"Fe,La,O",3,Orthorhombic,31,Pmn2_1,5.662336,6.452887,9.124399,90.0,90.0,90.0
mp-21216,AlFeO3,-7.9347613565,-2.5228653455,0.043955834999999006,1.9962,4.238396948650082,410.0410451498143,40,False,False,"Al,Fe,O",3,Orthorhombic,33,Pna2_1,5.044116,8.669205999999999,9.376979,90.0,90.0,90.0
mp-649086,GaFeO3,-7.22065485375,-1.952254804249999,0.035789206749999004,0.17240000000000003,5.279594518392152,436.720592442893,40,False,False,"Fe,Ga,O",3,Orthorhombic,33,Pna2_1,5.167031,8.863432,9.535878,90.0,90.0,90.0
mp-1278982,CaFeO3,-7.239529129999999,-2.175628308999999,0.0528907215,0.0,4.204867864514493,227.34295850654138,20,True,False,"Ca,Fe,O",3,Orthorhombic,51,Pmma,5.43404702439333,6.6551424974779465,6.655120537335068,70.83781826037738,90.00104609969691,90.00102778850575
mp-756941,LiFeO3,-6.4609133395,-1.416347921166667,0.148444228600001,0.0,3.7191246250960743,197.85461430432758,20,True,False,"Fe,Li,O",3,Orthorhombic,52,Pnna,4.90058,4.972526,8.119357,90.0,90.0,90.0
mp-21939,FeSiO3,-8.325332232125,-2.577487781124999,0.015311726541671001,2.7758000000000003,3.786144146165661,925.787299789366,80,False,False,"Fe,O,Si",3,Orthorhombic,61,Pbca,5.362383,9.229569,18.705614,90.0,90.0,90.0
mp-1097023,KFeO3,-6.158917163,-1.26986237345,0.165454048833335,0.5258,2.493999836257702,380.6895919360882,20,True,False,"Fe,K,O",3,Orthorhombic,62,Pnma,5.089854,5.6112649999999995,13.329225,90.0,90.0,90.0
mp-1105437,SmFeO3,-8.075469965,-2.468971893000001,0.33483173650000003,0.12739999999999901,5.211953493345574,323.95864237366874,20,False,False,"Fe,O,Sm",3,Orthorhombic,62,Pnma,7.90017,6.194917,6.619385,90.0,90.0,90.0
mp-1180433,NdFeO3,-7.8866556665,-2.2702453350000003,0.506160635499999,1.428,5.7420663323547885,286.97346397691916,20,False,False,"Fe,Nd,O",3,Orthorhombic,62,Pnma,3.513338999999999,6.253102,13.062496,90.0,90.0,90.0
mp-1181002,LaFeO3,-8.3961604495,-2.746178183500001,0.10674762050000701,1.2424,5.327540021179633,302.64898868723105,20,True,False,"Fe,La,O",3,Orthorhombic,62,Pnma,4.046154303531812,6.759937138010752,11.065070409042727,89.99330491732394,89.9991633267753,90.02750032363933
mp-1254277,AlFeO3,-7.6984840205000005,-2.286588009499999,0.280233170999999,1.3295,4.8435948356114125,179.40360141259467,20,True,False,"Al,Fe,O",3,Orthorhombic,62,Pnma,4.886171,4.935838,7.438778,90.0,90.0,90.0
mp-1373518,ZnFeO3,-6.333410405,-1.418680838,0.16101712250000003,0.0,5.51908599048533,203.6930685207765,20,True,False,"Fe,O,Zn",3,Orthorhombic,62,Pnma,5.156405,5.205407,7.588825,90.0,90.0,90.0
mp-1372708,MgFeO3,-6.961707060500001,-1.9728322125000002,0.150341577999999,0.0,4.568921088104576,186.29789248800395,20,True,False,"Fe,Mg,O",3,Orthorhombic,62,Pnma,4.95391641,5.18178631,7.25737841,90.0,90.0,90.0
mp-19115,CaFeO3,-7.2924198515,-2.2285190305,0.0,0.0,4.53142298319831,210.95958245175632,20,False,False,"Ca,Fe,O",3,Orthorhombic,62,Pnma,5.292470740010532,5.323392520007372,7.487766650022471,90.00018673602037,89.99978053373835,89.9999750621508
mp-19785,HoFeO3,-8.4373758575,-2.855059119499998,0.012266279374999,1.5675,7.9720353812052025,223.93725501008694,20,False,False,"Fe,Ho,O",3,Orthorhombic,62,Pnma,5.25636467,5.60062622,7.60683986,90.0,90.0,90.0
mp-19853,TbFeO3,-8.434927227,-2.844573657333333,6.255587500092474e-05,1.6263,7.660263689728519,227.8446071426553,20,False,False,"Fe,O,Tb",3,Orthorhombic,62,Pnma,5.30188447,5.62729075,7.63675994,90.0,90.0,90.0
mp-19935,ErFeO3,-8.4404627115,-2.8641381045000003,0.017954620499999,1.5703,8.111015951090808,222.00710582040696,20,False,False,"Er,Fe,O",3,Orthorhombic,62,Pnma,5.23478674,5.585513029999999,7.59284986,90.0,90.0,90.0
mp-20243,SmFeO3,-8.4103017015,-2.803803629500001,0.0,1.545,7.188793032592718,234.87355529137713,20,False,False,"Fe,O,Sm",3,Orthorhombic,62,Pnma,5.388497242013814,5.649276500032305,7.715669675637376,89.99959881532075,90.00374658790133,89.99995894579055
mp-20407,NdFeO3,-8.392816302,-2.776405970499999,0.0,1.7349,6.880891673755685,239.47778048389097,20,False,False,"Fe,Nd,O",3,Orthorhombic,62,Pnma,5.46086797,5.6389052,7.77694011,90.0,90.0,90.0
mp-20651,TmFeO3,-8.433557634,-2.874276493000002,0.024305635250000002,1.6368,7.980858847597483,227.02195562690426,20,False,False,"Fe,O,Tm",3,Orthorhombic,62,Pnma,5.272515999999999,5.611822,7.672662,90.0,90.0,90.0
mp-20783,YFeO3,-8.7832628685,-2.818663723499999,0.011817914374999001,1.5605,5.651009028381979,226.55587769724715,20,False,False,"Fe,O,Y",3,Orthorhombic,62,Pnma,5.287706431660379,5.619751830086749,7.624140259419165,90.00052352079172,89.98426248044683,90.0001598766867
mp-22283,DyFeO3,-8.436198846,-2.849742895333331,0.0063256709999990005,0.9134000000000001,7.836562719084112,225.748611771436,20,False,False,"Dy,Fe,O",3,Orthorhombic,62,Pnma,5.27661581,5.6138646,7.62092487,90.0,90.0,90.0
mp-22341,PrFeO3,-8.378956726,-2.757081589333333,0.0,1.0793,6.705028763705313,242.4558416265244,20,False,False,"Fe,O,Pr",3,Orthorhombic,62,Pnma,5.49878697,5.63563068,7.82389895,90.0,90.0,90.0
mp-22588,LuFeO3,-8.4465166745,-2.879398338833334,0.036039123124998004,1.6083,8.258442678612468,224.2433578745118,20,False,False,"Fe,Lu,O",3,Orthorhombic,62,Pnma,5.240991,5.581437,7.665847,90.0,90.0,90.0
mp-22590,LaFeO3,-8.475136048,-2.825153782000001,0.027772022000007,1.433399999999999,6.399934700878753,251.93610168856503,20,False,False,"Fe,La,O",3,Orthorhombic,62,Pnma,5.600805,5.661924,7.944671,90.0,90.0,90.0
mp-504703,EuFeO3,-9.147178386,-2.426775158000002,0.14935679699999901,0.0,7.093390678602063,239.5344445916085,20,False,False,"Eu,Fe,O",3,Orthorhombic,62,Pnma,5.498311,5.5879,7.796327,90.0,90.0,90.0
mp-505819,TlFeO3,-6.4935586285,-1.356483360166667,0.047280969999999006,0.7036999999999991,8.617568623575883,237.57148540071753,20,False,False,"Fe,O,Tl",3,Orthorhombic,62,Pnma,5.402632030264508,5.545733000208178,7.929211044296274,90.00021175506522,90.01210025647346,89.99902657089129
mp-600576,GdFeO3,-10.275178546499998,-2.797173253499997,0.0040783190000010005,0.0,7.468297682099711,232.21112873567893,20,False,False,"Fe,Gd,O",3,Orthorhombic,62,Pnma,5.35764278,5.64185001,7.68223768,90.0,90.0,90.0
mp-601267,NdFeO3,-7.749117703,-2.132707371499999,0.643698598999999,0.0,5.850562257820356,281.6516760553194,20,False,False,"Fe,Nd,O",3,Orthorhombic,62,Pnma,4.523317,5.125559,12.14826,90.0,90.0,90.0
mp-645159,FeBiO3,-7.103591225,-1.6628035179999991,0.011605766000001001,1.541999999999999,8.636020314780833,240.59962335446852,20,False,False,"Bi,Fe,O",3,Orthorhombic,62,Pnma,5.4363251300002045,5.676451360007656,7.796731880011744,89.9998078120965,89.99999454748621,89.99996887087931
mp-753790,HfFeO3,-9.562520446499999,-2.9083017955,0.09619258400000401,2.3645,7.956121570460496,235.705452334387,20,True,False,"Fe,Hf,O",3,Orthorhombic,62,Pnma,5.037946,5.330404,8.7772,90.0,90.0,90.0
mp-753856,HfFeO3,-9.596060444999999,-2.941841794000001,0.06265258550000201,2.9099,7.960036505344464,235.5895267984845,20,True,False,"Fe,Hf,O",3,Orthorhombic,62,Pnma,5.427722,5.511527,7.875288,90.0,90.0,90.0
mp-756062,CeFeO3,-8.719293432,-2.869122613,0.07979085999999501,0.6746999999999991,6.589067019537284,245.92482125636718,20,True,False,"Ce,Fe,O",3,Orthorhombic,62,Pnma,5.467034,5.78395,7.77725,90.0,90.0,90.0
mp-769734,ScFeO3,-8.6832404825,-2.7539658165,0.083946180374997,1.7076,4.657117917131759,212.22287513266605,20,True,False,"Fe,O,Sc",3,Orthorhombic,62,Pnma,5.102012,5.42055,7.673745,90.0,90.0,90.0
mp-776154,AlFeO3,-7.898401108,-2.486505096999999,0.08031608349999901,2.1089,4.748823793892831,182.98391243946458,20,True,False,"Al,Fe,O",3,Orthorhombic,62,Pnma,4.868112000408064,5.121179000426171,7.339769000001361,89.99993521094117,89.99996084795562,89.99852010618645
mp-776476,CdFeO3,-6.170801069,-1.316018186,0.085147213499999,0.0,6.407273253808278,224.18182162147863,20,True,False,"Cd,Fe,O",3,Orthorhombic,62,Pnma,5.363036612373255,5.450160573611387,7.6697380668393755,90.00236178458947,90.01492687696283,90.05260592521059
mp-555351,FeBiO3,-6.859807798,-1.4190200910000001,0.255389193,0.0,8.460920207507165,122.78943566765976,10,True,False,"Bi,Fe,O",3,Orthorhombic,63,Cmcm,3.9444496628313055,3.9444496628313055,7.892021,90.0,90.0,90.03138878980074
mp-1011260,EuFeO3,-9.13360513,-2.413201902000001,0.16293005300000002,0.0,7.125813298786126,119.22227858254996,10,True,False,"Eu,Fe,O",3,Orthorhombic,74,Imma,5.522427079323185,5.522427079323185,5.522427079323185,120.3349112913783,119.50903296465258,90.13668599644693
mp-1181856,FeBiO3,-6.699512562000001,-1.258724855000001,0.415684429,1.4146,4.7571878537580226,109.19388191578322,5,True,False,"Bi,Fe,O",3,Monoclinic,8,Cm,8.464880462695028,5.388093915783112,5.321518785102708,122.20989581616584,142.68780258764497,47.919178243996576
mp-760833,LiFeO3,-6.478154222666665,-1.433588804333332,0.131203345433336,0.30660000000000004,3.483427483304907,633.7258103762583,60,True,False,"Fe,Li,O",3,Monoclinic,8,Cm,8.697356309962355,8.697356309962355,9.895406039782753,82.35823656751825,82.35823656751825,58.946052953082585
mp-1181670,FeBiO3,-5.417101346000001,0.023686360999999,1.698095645,0.7019000000000001,2.006079857382676,517.8814859665492,10,True,False,"Bi,Fe,O",3,Monoclinic,9,Cc,13.327578456113436,5.901643516261297,9.528144788285125,100.29265817380333,134.3772393615865,75.19808406519827
mp-1182718,FeBiO3,-3.70158609,1.739201616999999,3.413610901000001,0.0,0.366821176263641,2832.201859475577,10,True,False,"Bi,Fe,O",3,Monoclinic,9,Cc,17.059404228201785,17.059404228201785,10.741489341464012,72.14831453147688,72.14831453147688,84.9241803921023
mp-675126,FeCO3,-6.780641645,-0.271664271,1.517677980999999,1.4102000000000001,3.367376832783398,114.26100286432916,10,True,False,"C,Fe,O",3,Monoclinic,9,Cc,6.142323900936111,5.11757162177922,5.117571497591509,60.39162783936928,60.10378540107896,60.103781081567085
mp-1069079,FeBiO3,-7.088385497,-1.64759779,0.026811494000001,1.3463,7.5640409481152755,137.34875639029534,10,True,False,"Bi,Fe,O",3,Tetragonal,99,P4mm,4.879828000000102,5.3052998497696615,5.305304092410349,90.00001527310944,90.00001910210509,90.00001910211371
mp-1248478,AlCoO3,-7.235144542333334,-2.090569429333334,0.250709234166665,0.0,4.43500291432238,300.83541597823785,30,True,False,"Al,Co,O",3,Triclinic,1,P1,5.290845536872249,5.545188294416791,11.855107909472693,89.68621860095634,90.13927045010156,120.12354714020687
mp-1277045,VCoO3,-8.135140590999999,-1.92289943,0.09931393449999701,1.151399999999999,5.087313726796352,103.06190016310505,10,True,False,"Co,O,V",3,Triclinic,1,P1,5.060056487223142,5.526110772837349,4.989405187216008,63.35074915142368,118.8142623022618,118.43172080038634
mp-1272234,CoNiO3,-6.66452157,-1.113034286999999,0.023617660999999002,0.7645000000000001,5.727980852771097,96.02910678797515,10,True,False,"Co,Ni,O",3,Triclinic,1,P1,4.883114861620501,5.03164125483137,5.443205871532785,60.58390489817441,118.18480636414579,120.2580249884949
mp-1272753,LaCoO3,-7.9521576865,-2.5694963185,0.030429819500000004,0.673899999999999,6.864404462069578,237.87742729827062,20,True,False,"Co,La,O",3,Triclinic,1,P1,5.558352917783918,9.401832445381165,5.54780224513149,90.11985764579529,60.685478820588806,72.89825823321044
mp-754022,AlCoO3,-7.369777194999999,-2.225202081999999,0.11607658149999901,0.8939,4.761424852352278,93.40382959355364,10,True,False,"Al,Co,O",3,Triclinic,1,P1,4.846808021306187,5.3661486677417916,4.936906816476892,87.08454333075647,59.720393746084454,115.95645442578115
mp-550781,SrCoO3,-6.6462547354999995,-1.9123091705,0.08751057585484101,0.0,4.921002986387556,262.5970297133935,20,False,False,"Co,O,Sr",3,Monoclinic,11,P2_1/m,4.924415325429912,5.5205153077339615,9.69211594595076,89.962293208972,94.70025655465142,89.99433842282549
mp-1283250,BaCoO3,-6.8260577520000005,-2.046802816999999,0.0010551950000010002,1.1424,5.891197337198422,275.39434449527283,20,True,False,"Ba,Co,O",3,Monoclinic,12,C2/m,5.726482657571924,5.722637803283901,9.70762786877608,89.80945836758698,89.71405459088905,59.96179190384292
mp-1273854,SrCoO3,-6.698450142,-1.964504577,0.035315169354840005,0.0,5.565603437986737,232.18340685508088,20,True,False,"Co,O,Sr",3,Tetragonal,123,P4/mmm,3.8754526766768804,3.897168604313906,15.373474110626914,89.9585336892516,90.0407578647819,89.56967036681591
mp-1283849,SrCoO3,-6.715478788,-1.981533223,0.01828652335484,0.0,5.721295147113838,112.93253836834432,10,True,False,"Co,O,Sr",3,Tetragonal,127,P4/mbm,3.9383422600002826,5.354912304932228,5.3549236299598775,90.0124363569864,90.000014412659,90.00001050359467
mp-1288734,YCoO3,-8.273725645499999,-2.576447398499999,0.015464709589286002,0.11410000000000001,5.772017766670035,225.35994112535496,20,True,False,"Co,O,Y",3,Monoclinic,14,P2_1/c,5.237282321311028,5.745943143208975,7.489235913847033,90.64402725876397,89.99110148277619,90.0999099902654
mp-1273989,LaCoO3,-7.9646670505,-2.582005682500001,0.017920455499999002,0.0,6.7142592509470695,243.1968758343009,20,True,False,"Co,La,O",3,Monoclinic,14,P2_1/c,5.437777619198857,8.03293510781408,5.5692404576944785,89.94873461013172,90.01827884103179,91.42050149691609
mp-1643785,ScCoO3,-8.1920974155,-2.530143647499999,0.069198819589287,0.8961999999999991,4.982917296599512,202.46357062059715,20,True,False,"Co,O,Sc",3,Monoclinic,14,P2_1/c,5.011454321223327,5.44605869244518,7.419552879869144,90.002227412838,88.92155957554021,89.9974596055614
mp-1178576,AlCoO3,-7.454490492,-2.309915378999999,0.031363284499999006,2.5603,5.052577293436306,88.02147690236615,10,True,False,"Al,Co,O",3,Trigonal,148,R-3,5.175649031843832,5.175649031843832,5.175648975480176,55.59903088102598,55.59903088102598,55.59903478037184
mp-1178424,CoNiO3,-6.688139230999999,-1.136651947999999,0.0,0.0,6.296421914378502,87.35959763657713,10,True,False,"Co,Ni,O",3,Trigonal,148,R-3,4.8055490050337,4.805845659834199,5.174955284197486,62.331766289330474,117.67114531616808,120.00704791023897
mp-1288145,LaCoO3,-7.982587506,-2.599926138,0.0,0.9497000000000001,6.914735764099035,118.07297697836468,10,False,False,"Co,La,O",3,Trigonal,148,R-3,5.475249487066228,5.468355789189654,5.441026799686343,61.183100583839014,61.09933598154562,61.05012141581743
mp-2754394,VCoO3,-11.043136780000001,-1.99485521725,0.07013643868750001,0.0,5.673025345244147,92.4212721610739,10,True,False,"Co,O,V",3,Trigonal,148,R-3,4.889263794681153,5.281076022224235,4.889475668417557,62.43291794073352,119.99225671055727,117.56577087909741
mp-753992,CoAgO3,-5.695152451,-0.731104968333333,0.09311912849999601,0.0,6.328664865807177,112.71986320984168,10,True,False,"Ag,Co,O",3,Trigonal,148,R-3,5.9569408313662136,5.9568231736402915,5.956509099040225,49.606801602996164,49.60418098369794,49.60355885966021
mp-755788,TlCoO3,-5.9678646130000015,-1.098110242666668,0.06708455771428401,0.464,8.84413697374225,116.90235340971311,10,True,False,"Co,O,Tl",3,Trigonal,148,R-3,5.78674871444795,5.78674871444795,5.786748024934558,53.72007514541692,53.72007514541692,53.72007656773193
mp-758652,ZnCoO3,-5.947583421,-1.300174752,0.082076907052631,0.0,5.92182722329932,96.65191092533513,10,True,False,"Co,O,Zn",3,Trigonal,148,R-3,5.390801674782796,5.390801674782796,5.390801087539031,54.530401128748736,54.530401128748736,54.53040506661127
mp-761524,MgCoO3,-6.5479177910000015,-1.826363841,0.06609796550000001,0.0,4.569557284977725,95.380426271781,10,True,False,"Co,Mg,O",3,Trigonal,148,R-3,5.356343431157117,5.356343431157117,5.356344352400152,54.750897471746754,54.750897471746754,54.75089365727724
mp-770662,CdCoO3,-5.7140800590000005,-1.126618073999999,0.066095181999999,0.0,6.522672611211341,111.68017699771292,10,True,False,"Cd,Co,O",3,Trigonal,148,R-3,5.79815774538991,5.79815774538991,5.798157250687929,51.93096301519388,51.93096301519388,51.930963843982774
mp-1180725,LaCoO3,-7.943823356,-2.5611619880000003,0.038764149999999005,1.104,7.187006177323267,113.59993529183483,10,False,False,"Co,La,O",3,Monoclinic,15,C2/c,5.427133464191342,5.3779742650081115,5.420641796162967,60.923373316239015,60.4731358724899,60.65933576678309
mp-1181307,LaCoO3,-5.067580595,0.31508077299999904,2.915006911,0.0,1.199594537895858,680.5994949910478,10,True,False,"Co,La,O",3,Monoclinic,15,C2/c,10.542343934523954,10.542343934523954,6.30207900044755,81.40569463054543,81.40569463054543,82.52045369262586
mp-1181984,CoCO3,-7.485859252,-1.244202776000001,0.421501476999998,1.5474,1.6517855054742192,239.14484629654737,10,True,False,"C,Co,O",3,Monoclinic,15,C2/c,6.7435911237709245,6.7435911237709245,5.721781087761397,73.4974524128644,73.4974524128644,86.58768276400022
mp-22136,CoGeO3,-7.105979349,-1.785913831,0.020114759000003,0.0,5.432943126031126,219.5386991722037,20,False,False,"Co,Ge,O",3,Monoclinic,15,C2/c,5.154026239119928,6.594601193749303,6.594393125416556,86.08694539735899,82.02408475055148,82.0110294511809
mp-562826,CoSeO3,-6.405229010625,-1.31058676809375,0.0,0.0,4.302175398727449,1147.9956810076205,80,False,False,"Co,O,Se",3,Monoclinic,15,C2/c,9.453972891982925,9.455632534165284,15.21171728827094,72.62075671469341,72.61310858654058,64.47336131182715
mp-753026,ZnCoO3,-5.973560132,-1.326151463,0.05610019605263,0.21349999999999902,5.526971835232615,207.1137448730862,20,True,False,"Co,O,Zn",3,Monoclinic,15,C2/c,6.420815165259003,6.420815165259003,5.091030031920948,84.76825135861566,84.76825135861566,83.87081622401986
mp-752700,CoAgO3,-5.325607807999999,-0.36156032533333204,0.46266377149999705,0.0,6.097297228607657,233.99424736183184,20,True,False,"Ag,Co,O",3,Monoclinic,15,C2/c,6.968096167135037,6.968096167135037,4.998813817111415,86.70020317018371,86.70020317018371,75.1557707368944
mp-755711,MgCoO3,-6.510295363500001,-1.7887414135,0.10372039299999901,0.16439999999999902,4.352905594863571,200.25535230021822,20,True,False,"Co,Mg,O",3,Monoclinic,15,C2/c,6.382678415778756,6.382678415778756,4.96192623844823,86.81401285106325,86.81401285106325,83.42588969911102
mp-756947,AlCoO3,-7.384206743499999,-2.239631630499999,0.10164703299999901,0.827199999999999,4.453275664965529,199.73401558336542,20,True,False,"Al,Co,O",3,Monoclinic,15,C2/c,6.367889676634245,6.367889676634245,5.0302335988081115,82.35712921433348,82.35712921433348,84.50423859293147
mp-765572,CoBO3,-7.6689170925,-1.937578791333333,0.199436286222223,1.0669,3.371938187783153,231.93289533114293,20,True,False,"B,Co,O",3,Monoclinic,15,C2/c,5.164445328759517,5.164445328759517,9.913262398510996,89.96197536849914,89.96197536849914,118.69354621406539
mp-768578,CdCoO3,-5.727936619499999,-1.140474634499999,0.052238621499999006,0.130199999999999,6.147559992602916,236.9893852503211,20,True,False,"Cd,Co,O",3,Monoclinic,15,C2/c,5.131425082811305,6.8392078843431126,6.839010040297425,96.83171661994545,94.51550162314946,85.49482022797625
mp-21434,CoCO3,-7.907360728999999,-1.665704252999999,0.0,0.0,4.285997319660145,92.16431121165972,10,False,False,"C,Co,O",3,Trigonal,167,R-3c,5.600724049454859,5.6007968783849105,5.6006035510151575,49.09562594199597,49.09799841690769,49.09180709843689
mp-19051,LaCoO3,-7.979271120999999,-2.596609753,0.0033163850000000003,1.0014,7.346953554651772,222.25359956685824,20,False,False,"Co,La,O",3,Trigonal,167,R-3c,5.361153261786198,7.620694113728844,5.441142229992054,90.03294689325979,89.7896419857646,91.17317137934528
mp-1348445,AlCoO3,-7.247019016666667,-2.102443903666667,0.23883475983333202,0.0,4.546859608260251,293.4346035604501,30,True,False,"Al,Co,O",3,Hexagonal,185,P6_3cm,5.414479802301325,5.414479802301325,11.557587999999999,90.0,90.0,119.99999758432213
mp-1330514,YCoO3,-8.266468037666668,-2.569189790666668,0.022722317422617003,0.007299999999999001,5.185728067900504,376.25813589890873,30,True,False,"Co,O,Y",3,Hexagonal,185,P6_3cm,6.16575434858777,6.16575434858777,11.428332,90.0,90.0,120.00000374039894
mp-1386773,AlCoO3,-7.229388903999999,-2.084813790999999,0.256464872499999,0.0,4.588688787346288,96.91991245037583,10,True,False,"Al,Co,O",3,Hexagonal,194,P6_3/mmc,3.1517642678328595,3.1517642678328595,11.266135,90.0,90.0,120.00000562214608
mp-1387356,YCoO3,-8.182845361,-2.485567113999999,0.10634499408928501,0.0,5.0773306047464875,128.09699479242505,10,True,False,"Co,O,Y",3,Hexagonal,194,P6_3/mmc,3.6308877867013454,3.6308877867013454,11.219736,90.0,90.0,119.9999961134229
mp-18965,BaCoO3,-6.827112947000001,-2.047858012,0.0,0.0,6.158290639687289,263.4501234018471,20,False,False,"Ba,Co,O",3,Hexagonal,194,P6_3/mmc,5.683698159352416,5.684491769608061,9.41555662240934,90.21787658786157,90.16958531134462,60.00059219357988
mp-1206118,VCoO3,-8.212322635,-2.000081474,0.022131890499997003,0.11430000000000001,5.000794880552624,104.84497603539772,10,True,False,"Co,O,V",3,Triclinic,2,P-1,4.995186442048384,5.504188536494821,5.115817604176383,62.297301540594006,118.65336598646756,116.23610380938861
mp-1273178,YCoO3,-8.277534488499999,-2.5802562415,0.011655866589286001,0.34899999999999903,5.731863777604832,226.93867728566613,20,True,False,"Co,O,Y",3,Triclinic,2,P-1,5.2771785239336,5.707340229514095,7.535437086027856,90.06302223779956,90.33811137677559,90.64618664683539
mp-1279343,CoNiO3,-6.68777252,-1.136285236999999,0.000366710999998,0.9607000000000001,5.804929235591629,94.7561740490661,10,True,False,"Co,Ni,O",3,Triclinic,2,P-1,4.938243896254417,4.885106582134519,5.333241495744309,63.16126913667934,116.91750976696633,120.35388387503937
mp-1277476,LaCoO3,-7.947710977,-2.565049609,0.034876528999999004,0.0,6.819846823423928,239.43160537909029,20,True,False,"Co,La,O",3,Triclinic,2,P-1,5.4983088330457575,5.590821086445711,7.792867772573971,89.72569795742517,91.7481808176993,89.55862809248279
mp-1273356,CoAgO3,-5.706059260000001,-0.742011777333333,0.08221231949999501,0.0,6.352400112726087,224.59738848804346,20,True,False,"Ag,Co,O",3,Triclinic,2,P-1,5.130396276307124,6.0197539411502525,7.517401906165055,77.80944957138676,85.72618579735226,82.23842170593717
mp-1404938,AlCoO3,-2.411246398,2.733328715,5.074607378499999,0.025500000000000002,4.769837473558319,93.23909210681114,10,True,False,"Al,Co,O",3,Triclinic,2,P-1,4.859754,4.8772698169542545,5.186674642311103,116.1873906302567,89.94434657994104,118.68777878275331
mp-562466,SrCoO3,-6.660390812999999,-1.926445247999999,0.073374498354841,0.0,4.9740322030934,259.7974268506855,20,True,False,"Co,O,Sr",3,Triclinic,2,P-1,4.928848,5.500237099176908,9.631704485920132,89.64130917189108,84.25562479170148,89.90167421539745
mp-561922,LaCoO3,-7.9711760055,-2.5885146375,0.011411500499999,0.0,7.211992235949901,113.20636655932361,10,True,False,"Co,La,O",3,Triclinic,2,P-1,5.3795160891243246,5.378457948343857,5.456663752652129,60.09469466994305,60.28142536370549,61.540336861152795
mp-757083,CoBO3,-7.691966076999999,-1.960627775833332,0.17638730172222403,0.1471,3.2676075445065162,119.6691120518733,10,True,False,"B,Co,O",3,Triclinic,2,P-1,4.905127,5.266612144863717,5.6018172316256445,88.5234080772895,109.80636039446088,117.18157456650583
mp-770614,TlCoO3,-5.933432736999999,-1.063678366666668,0.10151643371428501,0.14299999999999902,9.055683169260453,228.34288850076067,20,True,False,"Co,O,Tl",3,Triclinic,2,P-1,5.327076,5.409948766464707,7.9247608346280085,89.4899364564669,89.5310950906625,89.13552350360524
mp-776216,AlCoO3,-7.381012708999999,-2.236437595999999,0.10484106749999901,0.3481,4.769838379175771,93.23907440412559,10,True,False,"Al,Co,O",3,Triclinic,2,P-1,4.859753715111704,5.325595421680002,4.964776402484406,87.24563962871538,59.517775612876214,116.01965389664478
mp-1075975,EuCoO3,-8.508877282,-2.055794952000002,0.281767473214285,0.0,8.022498230674898,53.58753660007628,5,True,False,"Co,Eu,O",3,Cubic,221,Pm-3m,3.770115,3.770115,3.770115,90.0,90.0,90.0
mp-1076820,MgCoO3,-6.06259998,-1.34104603,0.5514157765000001,0.0,4.45262281611853,48.94265017651288,5,True,False,"Co,Mg,O",3,Cubic,221,Pm-3m,3.657883479999999,3.65787367,3.657875439999999,90.0,90.0,90.0
mp-1076782,BaCoO3,-6.604887678,-1.8256327430000001,0.22222526900000003,0.0,6.425811832176516,63.120523575171546,5,True,False,"Ba,Co,O",3,Cubic,221,Pm-3m,3.981593,3.981593,3.981593,90.0,90.0,90.0
mp-1099934,CaCoO3,-6.677725452,-1.881145528999999,0.16033285666666702,0.0,4.579540335701955,53.30553410603655,5,True,False,"Ca,Co,O",3,Cubic,221,Pm-3m,3.76349,3.76349,3.76349,90.0,90.0,90.0
mp-1183397,CoBO3,-6.641636028000001,-0.9102977268333341,1.226717350722222,0.0,5.178507210504986,37.75525238159948,5,True,False,"B,Co,O",3,Cubic,221,Pm-3m,3.354742,3.354742,3.354742,90.0,90.0,90.0
mp-1183772,CoMoO3,-7.612427733999999,-1.047837765,0.6738278065000021,0.0,5.328963454597332,63.216023109056,5,True,False,"Co,Mo,O",3,Cubic,221,Pm-3m,3.9836,3.9836,3.9836,90.0,90.0,90.0
mp-1183681,CoSbO3,-6.28937231,-1.068112115,0.580026283874999,0.29549999999999904,7.116842923310956,53.359474093335905,5,True,False,"Co,O,Sb",3,Cubic,221,Pm-3m,3.764758999999999,3.764758999999999,3.764758999999999,90.0,90.0,90.0
mp-1183715,CoRhO3,-6.311539472,-0.44321795099999906,0.7968873444999961,0.0,5.902010642739138,59.037908071244885,5,True,False,"Co,O,Rh",3,Cubic,221,Pm-3m,3.8938300000000003,3.8938300000000003,3.8938300000000003,90.0,90.0,90.0
mp-1183686,CoAuO3,-5.270631246000001,-0.220394899,0.6235079452142851,0.0,9.203867949631238,54.82851821037035,5,True,False,"Au,Co,O",3,Cubic,221,Pm-3m,3.798996,3.798996,3.798996,90.0,90.0,90.0
mp-1184947,KCoO3,-5.643307976,-1.021574084449999,0.29443553725000104,0.0,4.170820658065728,58.13916092561977,5,True,False,"Co,K,O",3,Cubic,221,Pm-3m,3.87397,3.87397,3.87397,90.0,90.0,90.0
mp-1186126,NaCoO3,-5.7231747859999995,-1.059370683275862,0.22247671974999902,0.0,4.047609362092613,53.30039279125477,5,True,False,"Co,Na,O",3,Cubic,221,Pm-3m,3.763369,3.763369,3.763369,90.0,90.0,90.0
mp-1186400,PaCoO3,-8.596396256,-2.292076873,0.6302286235000041,0.0,10.373049902297106,54.1024933511181,5,True,False,"Co,O,Pa",3,Cubic,221,Pm-3m,3.782153,3.782153,3.782153,90.0,90.0,90.0
mp-1186980,ScCoO3,-7.7020651319999995,-2.040111364,0.559231103089286,0.785999999999999,5.136443602936916,49.10300326279377,5,True,False,"Co,O,Sc",3,Cubic,221,Pm-3m,3.661868,3.661868,3.661868,90.0,90.0,90.0
mp-1187746,VCoO3,-7.6933873340000005,-1.481146173000001,0.541067191499996,0.0,4.868720275483928,53.84456178860735,5,True,False,"Co,O,V",3,Cubic,221,Pm-3m,3.776132999999999,3.776132999999999,3.776132999999999,90.0,90.0,90.0
mp-1435808,AlCoO3,-6.187918972,-1.043343859,1.297934804499998,0.0,4.409719414937844,50.426713548382544,5,True,False,"Al,Co,O",3,Cubic,221,Pm-3m,3.694482,3.694482,3.694482,90.0,90.0,90.0
mp-1435972,YCoO3,-8.058154953999999,-2.360876707,0.23103540108928602,0.8330000000000001,5.993226885848512,54.26048474581901,5,True,False,"Co,O,Y",3,Cubic,221,Pm-3m,3.785831,3.785831,3.785831,90.0,90.0,90.0
mp-20031,NdCoO3,-7.791900061999999,-2.442810628499999,0.07815874399988801,0.7914000000000001,7.5893615624873885,54.95630053384298,5,False,False,"Co,Nd,O",3,Cubic,221,Pm-3m,3.801945,3.801945,3.801945,90.0,90.0,90.0
mp-20427,PrCoO3,-7.73563128,-2.381077041333333,0.116340927999886,0.0,7.389781550642455,55.69128310911385,5,False,False,"Co,O,Pr",3,Cubic,221,Pm-3m,3.818819,3.818819,3.818819,90.0,90.0,90.0
mp-20951,GdCoO3,-9.540154408,-2.329470012999999,0.233212029714287,0.0,7.98549583486763,54.93503924339065,5,True,False,"Co,Gd,O",3,Cubic,221,Pm-3m,3.773077,3.858133999999999,3.7737789999999993,90.0,90.0,90.0
mp-22549,SmCoO3,-7.776120517999999,-2.436943343999999,0.130553110999887,0.8039000000000001,8.056754628664423,53.02909578224753,5,False,False,"Co,O,Sm",3,Cubic,221,Pm-3m,3.756973,3.756973,3.756973,90.0,90.0,90.0
mp-505766,SrCoO3,-6.651910965000001,-1.9179654,0.081854346354839,0.0,5.509182073849565,117.28063713577292,10,False,False,"Co,O,Sr",3,Cubic,221,Pm-3m,5.4943434335762085,5.49429747159307,5.494332826970532,60.00007663182508,89.9994322162452,119.99999574286068
mp-510611,LaCoO3,-6.5523122879999995,-1.169650920000001,1.430275217999999,0.0,4.64523780354616,87.87961684788989,5,True,False,"Co,La,O",3,Cubic,221,Pm-3m,4.445931,4.445931,4.445931,90.0,90.0,90.0
mp-573180,LaCoO3,-7.9060387599999995,-2.523377392,0.076548746,0.4388,7.341623228722615,55.60374124701541,5,False,False,"Co,La,O",3,Cubic,221,Pm-3m,3.816817,3.816817,3.816817,90.0,90.0,90.0
mp-985545,CoTeO3,-5.758078242000001,-0.733957116333333,0.713515566499999,0.0,7.214198003818167,53.98362278600855,5,True,False,"Co,O,Te",3,Cubic,221,Pm-3m,3.779381,3.779381,3.779381,90.0,90.0,90.0
mp-1272815,SrCoO3,-6.6941995435,-1.960253978499999,0.039565767854840006,0.0,5.4879828648204,235.4673473417271,20,True,False,"Co,O,Sr",3,Orthorhombic,38,Amm2,5.490195545156202,6.73615954309323,6.7360861107103585,70.94369733890274,90.0001564953029,90.00014446355296
mp-550220,CoGeO3,-7.1073308635,-1.7872653455,0.018763244500003003,1.5622999999999991,5.252721510351957,227.07110289681435,20,True,False,"Co,Ge,O",3,Monoclinic,5,C2,5.192322468629236,6.69275904137494,6.689975416018433,85.64142761577318,81.64779129748584,81.38299525558297
mp-699575,CoSiO3,-7.93103831725,-2.45051476425,0.021916500583335,2.614699999999999,4.080334769363951,879.1468013139676,80,False,False,"Co,O,Si",3,Orthorhombic,61,Pbca,5.264575,9.044314,18.463858,90.0,90.0,90.0
mp-1185232,LaCoO3,-7.935100783499999,-2.552439415499999,0.0474867225,0.9729999999999991,6.8901962709794216,236.98698979728346,20,False,False,"Co,La,O",3,Orthorhombic,62,Pnma,5.467447,5.550136,7.809735,90.0,90.0,90.0
mp-1188346,CoBiO3,-6.550150727,-1.376683918000001,0.08222879499999801,0.38780000000000003,9.305764679617505,225.4877037010106,20,False,False,"Bi,Co,O",3,Orthorhombic,62,Pnma,5.365408,5.508628,7.629159,90.0,90.0,90.0
mp-1188609,HoCoO3,-7.5257848255,-2.210788985499999,0.42040786549999404,0.162,6.730410091104782,268.29687484690714,20,True,False,"Co,Ho,O",3,Orthorhombic,62,Pnma,3.851741999999999,5.685668,12.251152,90.0,90.0,90.0
mp-1212757,EuCoO3,-8.661387888999938,-2.20830555899994,0.129256866214348,0.0,8.118460703334325,211.81646781083614,20,True,False,"Co,Eu,O",3,Orthorhombic,62,Pnma,5.29294207,5.27999014,7.5793064900000005,90.0,90.0,90.0
mp-1368304,CaCoO3,-6.772877062000001,-1.9762971390000001,0.065181246666666,0.0,4.544787683536706,214.85258326942397,20,True,False,"Ca,Co,O",3,Orthorhombic,62,Pnma,5.300495,5.412624,7.48887,90.0,90.0,90.0
mp-1369159,ZnCoO3,-5.8525985185,-1.205189849499999,0.177061809552631,0.0,6.270249704181289,182.56240000135162,20,True,False,"Co,O,Zn",3,Orthorhombic,62,Pnma,4.978133,5.032938,7.286572,90.0,90.0,90.0
mp-1378752,AlCoO3,-7.303829901499998,-2.159254788499999,0.182023874999999,0.0,5.190860547629025,171.3532126131805,20,True,False,"Al,Co,O",3,Orthorhombic,62,Pnma,4.769808999999999,4.920832,7.300502,90.0,90.0,90.0
mp-19113,CoTeO3,-6.424383082999999,-1.4002619573333321,0.047210725500001,0.0,6.286361178799385,247.80538862775018,20,False,False,"Co,O,Te",3,Orthorhombic,62,Pnma,5.397197418601343,6.0669593419363705,7.567832225444351,89.9969851147812,89.97892513329172,89.95961347769304
mp-19802,TbCoO3,-7.945187599499943,-2.622154927833276,0.0,1.4208999999999992,8.586979182753064,205.64415112513473,20,False,False,"Co,O,Tb",3,Orthorhombic,62,Pnma,5.14811318,5.40980175,7.38391903,90.0,90.0,90.0
mp-20016,SmCoO3,-7.906673628999942,-2.567496454999943,0.0,0.0,8.066922550645563,211.84902183711753,20,False,False,"Co,O,Sm",3,Orthorhombic,62,Pnma,5.2555446,5.38013421,7.49230809,90.0,90.0,90.0
mp-20090,PrCoO3,-7.8519722079999426,-2.497417969333276,0.0,0.0,7.500799709937002,219.46802067311398,20,False,False,"Co,O,Pr",3,Orthorhombic,62,Pnma,5.40230677,5.34896231,7.59490712,90.0,90.0,90.0
mp-20570,HoCoO3,-7.9461926909999985,-2.631196850999996,0.0,0.0,8.876127322290039,203.43872145083407,20,False,False,"Co,Ho,O",3,Orthorhombic,62,Pnma,5.11319813,5.42543382,7.33341945,90.0,90.0,90.0
mp-22137,DyCoO3,-7.927326137,-2.608191084333332,0.009307952214286,1.192399999999999,8.778717764311475,203.8572689897275,20,False,False,"Co,Dy,O",3,Orthorhombic,62,Pnma,5.12056865,5.41427635,7.3530512,90.0,90.0,90.0
mp-22616,CoSeO3,-6.3759718795,-1.2813296369687501,0.029257131125000002,1.851999999999999,5.262400707726104,234.63049713342954,20,False,False,"Co,O,Se",3,Orthorhombic,62,Pnma,5.091809,6.015058,7.660772,90.0,90.0,90.0
mp-22668,YCoO3,-8.2884854835,-2.591207236500001,0.0007048715892850001,0.0,6.319803566926551,205.82626822115904,20,False,False,"Co,O,Y",3,Orthorhombic,62,Pnma,5.1457858408779975,5.4300999880607925,7.366162013997965,89.99832555259731,90.00001075865262,89.99682045614037
mp-22599,NdCoO3,-7.8700588059999435,-2.520969372499943,0.0,0.0,7.675549837320337,217.35679852411135,20,False,False,"Co,Nd,O",3,Orthorhombic,62,Pnma,5.354419600008552,5.360204130009781,7.57320125,90.0,90.0,90.00021186166249
mp-550950,LuCoO3,-7.939461358,-2.639663920333333,0.037204011839285005,0.0,9.280036319735288,201.7678731337942,20,False,False,"Co,Lu,O",3,Orthorhombic,62,Pnma,5.067229,5.450336,7.305639,90.0,90.0,90.0
mp-561954,TmCoO3,-7.929291277999999,-2.637331035000001,0.022681563464287003,1.188599999999999,8.48988507631344,215.82653245179552,20,False,False,"Co,O,Tm",3,Orthorhombic,62,Pnma,5.136062,5.708766,7.360924,90.0,90.0,90.0
mp-562779,ErCoO3,-7.9621309464999435,-2.653127237499942,0.0,1.4471,9.040484271457935,201.45109439388898,20,False,False,"Co,Er,O",3,Orthorhombic,62,Pnma,5.08216856,5.42485142,7.3068925,90.0,90.0,90.0
mp-753534,HfCoO3,-9.212655324,-2.825757570999999,0.09486151199999601,2.5156,8.2492444494734,229.8166236890823,20,True,False,"Co,Hf,O",3,Orthorhombic,62,Pnma,5.403920000016007,5.432294000001841,7.82869300002229,90.00007878241523,90.00026957063841,90.00004229967026
mp-752746,CdCoO3,-5.674122783,-1.086660797999999,0.106052457999999,0.0,6.702701044968174,217.36109870664112,20,True,False,"Cd,Co,O",3,Orthorhombic,62,Pnma,5.314718,5.389024,7.5891210000000004,90.0,90.0,90.0
mp-754124,ScCoO3,-8.191829626499999,-2.529875858499999,0.06946660858928701,0.0,4.8609498323286084,207.5436412174167,20,True,False,"Co,O,Sc",3,Orthorhombic,62,Pnma,5.011564053561423,5.409577001871218,7.655569811051101,90.00165401674067,89.73397158093768,89.99754113106276
mp-755167,InCoO3,-6.48039367,-1.533098974333332,0.078910866214286,0.0,7.275312124108903,202.4509888295771,20,True,False,"Co,In,O",3,Orthorhombic,62,Pnma,5.124142,5.313833,7.435169,90.0,90.0,90.0
mp-756102,MgCoO3,-6.521940485,-1.800386535,0.09207527150000001,0.0,4.780675833063921,182.3366975439391,20,True,False,"Co,Mg,O",3,Orthorhombic,62,Pnma,4.927362,5.145678,7.191459,90.0,90.0,90.0
mp-756464,TlCoO3,-5.9446741835,-1.074919813166668,0.09027498721428401,0.0,8.88930870962134,232.6166094308966,20,True,False,"Co,O,Tl",3,Orthorhombic,62,Pnma,5.394129,5.4164390000000004,7.961695,90.0,90.0,90.0
mp-1504268,LaCoO3,-7.927442259999999,-2.544780892,0.055145246,0.9398000000000001,6.837232356035579,119.41139253008177,10,True,False,"Co,La,O",3,Orthorhombic,74,Imma,5.516916837712347,5.516916837712347,5.46019130098177,60.7794804389213,60.7794804389213,60.58956079494032
mp-1399298,CaCoO3,-6.354939556,-1.558359632999999,0.48311875266666704,0.0,2.495948804483074,97.80442736496283,5,True,False,"Ca,Co,O",3,Monoclinic,8,Cm,3.176926347789637,3.176926347789637,9.795631958911942,84.06621218188002,84.06621218188002,89.95623289934164
mp-545522,CoBiO3,-6.632379521999999,-1.4589127130000001,0.0,0.0,9.40537454677399,55.77490557004568,5,False,False,"Bi,Co,O",3,Tetragonal,99,P4mm,3.72444997,3.72443794,4.02083227,90.0,90.0,90.0
mp-25096,NiBiO3,-6.2361217595,-1.3333109585,0.032242590750014004,0.3548,8.757667012498013,239.41795799438046,20,True,False,"Bi,Ni,O",3,Monoclinic,11,P2_1/m,7.84876,5.368422,5.682201537880629,89.66086380572226,90.0,90.0
mp-1105866,LuNiO3,-7.563221223499999,-2.534079793833333,0.016295357291666,0.099499999999999,8.93078999991922,209.4798371692059,20,False,False,"Lu,Ni,O",3,Monoclinic,14,P2_1/c,5.524087,5.135201,8.978869308187528,55.32949236911429,90.0,90.0
mp-1106304,TmNiO3,-7.548522843000001,-2.527218608000002,0.006301209416666001,0.0,8.65492732731107,211.52687155397024,20,False,False,"Ni,O,Tm",3,Monoclinic,14,P2_1/c,5.531035,5.158772,9.011673264947083,55.34947931298707,90.0,90.0
mp-1178219,HfNiO3,-8.918519201,-2.802277456,0.096843288499995,2.7983000000000002,8.759271576214951,216.25322779642678,20,True,False,"Hf,Ni,O",3,Monoclinic,14,P2_1/c,5.338353,4.977777,9.466947260379662,59.27469894703271,90.0,90.0
mp-1178989,TlNiO3,-5.5623652445000005,-0.9632668821666671,0.075435137166667,0.0965,9.238944403214674,223.64114407224048,20,False,False,"Ni,O,Tl",3,Monoclinic,14,P2_1/c,5.457501,5.327587999999999,9.359486989668236,55.26711413625149,90.0,90.0
mp-1189736,ErNiO3,-7.5543288539999995,-2.515981152999998,0.0015767070000000001,0.34040000000000004,8.507100699687618,213.8945756855631,20,False,False,"Er,Ni,O",3,Monoclinic,14,P2_1/c,5.559041,5.181402,9.058277001568012,55.06460694538058,90.0,90.0
mp-1273627,VNiO3,-7.859973411,-1.918388258,0.082326768000024,0.037200000000000004,5.102324182173681,102.60262241030391,10,True,False,"Ni,O,V",3,Trigonal,146,R3,5.051205469103094,5.498325531149462,5.04052952898195,118.06656685474775,119.5751949332435,62.62751990937777
mp-998527,NiBiO3,-6.257382958000003,-1.354572157000002,0.010981392250011001,0.0,9.234280393489774,113.53038155551553,10,True,False,"Bi,Ni,O",3,Trigonal,146,R3,5.451923404903794,5.452222019079232,5.418129750179027,120.20476013115923,59.795575015502436,119.99865708204666
mp-2764171,LaNiO3,-7.584390084499998,-2.472384724499998,0.0,0.0,7.242700657180458,225.23285093837262,20,True,False,"La,Ni,O",3,Monoclinic,15,C2/c,5.381580764412763,7.648700618261999,5.4727904357808885,90.00197524854211,89.97864889462852,91.06179479175371
mp-572987,NiSeO3,-6.013126794625,-1.189140560093749,0.065963780375,3.0748,4.511954129829118,1093.2087541890753,80,False,False,"Ni,O,Se",3,Monoclinic,15,C2/c,9.30712570054461,9.30712570054461,14.928183408225127,72.67401992785751,72.67401992785751,64.59910441273982
mp-998845,TlNiO3,-5.535411979,-0.9363136166666671,0.102388402666666,0.0,9.450434062552635,109.31815844005023,10,True,False,"Ni,O,Tl",3,Trigonal,161,R3c,5.3774895465137815,5.3774895465137815,5.377489530976792,59.744069271250424,59.744069271250424,59.74407029713407
mp-1299294,SrNiO3,-6.2194994765,-1.7562099195,0.053711680499993,0.0,5.411997885139192,238.47903102811645,20,True,False,"Ni,O,Sr",3,Trigonal,166,R-3m,5.502220223504144,5.503668577546707,9.627038609499081,89.82133470730452,106.49647706958585,60.04581281866354
mp-19170,PrNiO3,-7.489484222499999,-2.405585991833332,0.0010816025,0.0,7.431405465962988,110.65153943462884,10,False,False,"Ni,O,Pr",3,Trigonal,167,R-3c,5.3250530743779825,5.325063373261904,5.325124142468528,61.617027930312915,61.6168865003975,61.6242110581429
mp-19147,NiCO3,-7.625219773,-1.6542193050000011,0.0,0.0,4.432170194287513,88.94505301232424,10,False,False,"C,Ni,O",3,Trigonal,167,R-3c,5.541078929936424,5.541075610087119,5.541064911956873,48.98950167296332,48.989536957900164,48.989444217329755
mp-19339,LaNiO3,-7.58371008,-2.47170472,0.0006800044999970001,0.0,7.254091284819418,112.43959122238896,10,False,False,"La,Ni,O",3,Trigonal,167,R-3c,5.3814899019586395,5.381490105994614,5.3814835613184435,60.900569472695246,60.900594946549134,60.90047372843054
mp-770347,TbNiO3,-7.504032710999999,-2.451656047333332,0.041731725000000004,0.0,8.15337798701662,108.19253637657697,10,True,False,"Ni,O,Tb",3,Trigonal,167,R-3c,5.241194018193374,5.241194018193374,5.241194341995914,62.82157720185005,62.82157720185005,62.821580125250584
mp-1333178,AlNiO3,-6.720091479333333,-1.846172374333333,0.359988354,0.0,4.762671379910232,279.6365120675449,30,True,False,"Al,Ni,O",3,Hexagonal,185,P6_3cm,5.4107383799930675,5.4107383799930675,11.029357,90.0,90.0,120.00000464634157
mp-1346989,YNiO3,-7.821909746666666,-2.395287507666666,0.070424734333334,0.0064999999999990005,5.185134837052863,375.84041756987244,30,True,False,"Ni,O,Y",3,Hexagonal,185,P6_3cm,6.180908565987043,6.180908565987043,11.359736,90.0,90.0,120.00000605823568
mp-19241,BaNiO3,-6.328540503000001,-1.8199415760000002,8.089700000013522e-05,1.5157,6.06909148531972,133.5298435547286,10,False,False,"Ba,Ni,O",3,Hexagonal,186,P6_3mc,5.67753215,5.677530777794099,4.7833106999999995,90.0,90.0,119.99999594996375
mp-754103,CaNiO3,-6.278679832,-1.752755917,0.07267682124999901,1.2293,4.354802652635339,111.93005701039907,10,True,False,"Ca,Ni,O",3,Hexagonal,186,P6_3mc,4.788972,5.195016148032651,5.195016,60.00000094261125,90.0,90.0
mp-1400395,AlNiO3,-6.709563836000001,-1.835644731,0.370515997333332,0.0,4.749782638649847,93.4651059583781,10,True,False,"Al,Ni,O",3,Hexagonal,194,P6_3/mmc,3.110613354492808,3.110613354492808,11.1539,90.0,90.0,119.99998627074193
mp-1399857,YNiO3,-7.637785980000001,-2.211163741000001,0.25454850099999904,0.0,5.24416181940283,123.87001707331976,10,True,False,"Ni,O,Y",3,Hexagonal,194,P6_3/mmc,3.547474343582769,3.547474343582769,11.365723,90.0,90.0,120.00000640772858
mp-19138,BaNiO3,-6.328621400000001,-1.8200224730000012,0.0,1.469199999999999,6.072761251153483,133.449151553611,10,False,False,"Ba,Ni,O",3,Hexagonal,194,P6_3/mmc,5.67658447,5.676584231962985,4.78201573,90.0,90.0,120.00000144541123
mp-1105718,NiBiO3,-6.2476454750000014,-1.344834674,0.020718875250013,0.0,8.563711199969706,244.8404323740434,20,False,False,"Bi,Ni,O",3,Triclinic,2,P-1,5.458353,5.7249911038625205,7.845574923230737,92.22669737737449,90.36464566426963,91.89383066980085
mp-1206033,VNiO3,-7.912232267,-1.9706471140000001,0.030067912000024004,0.0,5.376829351296319,97.36441446710847,10,True,False,"Ni,O,V",3,Triclinic,2,P-1,5.002699851499998,5.010852071609071,5.332540498291,62.99660904851379,62.3006259764657,59.06659542174061
mp-1284950,LaNiO3,-7.5638215065,-2.451816146499999,0.020568577999998002,0.35599999999999904,7.002714214091489,232.95169096396123,20,True,False,"La,Ni,O",3,Triclinic,2,P-1,5.433893397661845,7.718360474664811,5.55643374806593,89.90964165921346,90.12785683633167,91.57863493566099
mp-1075921,LaNiO3,-7.548532023999999,-2.436526663999999,0.035858060499998005,0.0,7.10761180460951,57.378419163664574,5,True,False,"La,Ni,O",3,Cubic,221,Pm-3m,3.856999,3.856999,3.856999,90.0,90.0,90.0
mp-1099668,SmNiO3,-7.398819197999998,-2.330298031999998,0.12265020300000001,0.0,8.158840690326429,52.316773930654946,5,True,False,"Ni,O,Sm",3,Cubic,221,Pm-3m,3.74007269,3.74008343,3.74006907,90.0,90.0,90.0
mp-1120765,BaNiO3,-6.204349126,-1.695750199,0.12427227400000002,0.0,6.187792965000027,65.48415898349904,5,True,False,"Ba,Ni,O",3,Cubic,221,Pm-3m,4.030684,4.030684,4.030684,90.0,90.0,90.0
mp-1183176,AlNiO3,-6.260375212,-1.386456107,0.8197046213333331,0.0,4.53535133823537,48.94206694176443,5,True,False,"Al,Ni,O",3,Cubic,221,Pm-3m,3.657863,3.657863,3.657863,90.0,90.0,90.0
mp-1183139,AcNiO3,-7.404515515999998,-2.455476575499998,0.0,0.0,9.494942767086057,58.35821779959113,5,True,False,"Ac,Ni,O",3,Cubic,221,Pm-3m,3.87883955,3.87883649,3.87881202,90.0,90.0,90.0
mp-1183983,GaNiO3,-5.381211794,-0.6507886505,1.000703324333331,0.0,5.919929658044955,49.484259465906604,5,True,False,"Ga,Ni,O",3,Cubic,221,Pm-3m,3.671321,3.671321,3.671321,90.0,90.0,90.0
mp-1185261,LiNiO3,-5.21204689,-0.7054583776666661,0.5024219344545481,0.0,3.507124068215731,53.80230863498618,5,True,False,"Li,Ni,O",3,Cubic,221,Pm-3m,3.7751449999999993,3.7751449999999993,3.7751449999999993,90.0,90.0,90.0
mp-1186154,NaNiO3,-5.138825782,-0.745677687275861,0.320827803500001,0.0,3.859600732435127,55.793589759155374,5,True,False,"Na,Ni,O",3,Cubic,221,Pm-3m,3.8211559999999993,3.8211559999999993,3.8211559999999993,90.0,90.0,90.0
mp-1186113,NiSbO3,-5.907621585999999,-0.957017398999999,0.6628730848750041,0.0,6.903777905566449,54.94858203961168,5,True,False,"Ni,O,Sb",3,Cubic,221,Pm-3m,3.801767,3.801767,3.801767,90.0,90.0,90.0
mp-1186112,NiPtO3,-5.13982303,0.19920757300000003,1.242403566999998,0.0,8.10360470965608,61.83793399368838,5,True,False,"Ni,O,Pt",3,Cubic,221,Pm-3m,3.95444,3.95444,3.95444,90.0,90.0,90.0
mp-1186345,NiPdO3,-5.303599806,-0.14281950499999901,0.7809306559999991,0.0,7.042822187086094,50.24692203567436,5,True,False,"Ni,O,Pd",3,Cubic,221,Pm-3m,3.690086,3.690086,3.690086,90.0,90.0,90.0
mp-1187352,TbNiO3,-7.347095931999999,-2.294719268333332,0.19866850399999902,0.0,8.440024863236033,52.25900745238172,5,True,False,"Ni,O,Tb",3,Cubic,221,Pm-3m,3.738698,3.738698,3.738698,90.0,90.0,90.0
mp-1187595,YbNiO3,-15.553651624,-2.267912244249999,0.263503927291669,0.0,9.361606062044327,49.6181154049852,5,True,False,"Ni,O,Yb",3,Cubic,221,Pm-3m,3.674628352562814,3.674628352562814,3.674628352562814,90.0,90.0,90.0
mp-1188081,PuNiO3,-9.139632452,-2.067242016749998,0.515832346999996,0.0,10.803912212138673,53.90057700340984,5,True,False,"Ni,O,Pu",3,Cubic,221,Pm-3m,3.777441999999999,3.777441999999999,3.777441999999999,90.0,90.0,90.0
mp-1416557,AlNiO3,-5.768405216,-0.8944861109999991,1.311674617333333,0.0,4.529178568321998,49.00876957089664,5,True,False,"Al,Ni,O",3,Cubic,221,Pm-3m,3.659523999999999,3.659523999999999,3.659523999999999,90.0,90.0,90.0
mp-1433326,YNiO3,-7.682370101999998,-2.255747862999998,0.209964379000002,0.0,6.125331853295538,53.025242522589764,5,True,False,"Ni,O,Y",3,Cubic,221,Pm-3m,3.756882,3.756882,3.756882,90.0,90.0,90.0
mp-762506,SrNiO3,-6.22725944,-1.7639698830000001,0.045951716999993,0.0,5.445558235163306,118.50465607365828,10,True,False,"Ni,O,Sr",3,Cubic,221,Pm-3m,5.504619191047914,5.513835293058816,5.512447131973059,60.07997227426949,119.91678749124895,119.94202108298465
mp-866095,CeNiO3,-7.708842996000001,-2.396649083,0.44689075499999403,0.0,7.555550238569517,54.242728695214055,5,True,False,"Ce,Ni,O",3,Cubic,221,Pm-3m,3.785418,3.785418,3.785418,90.0,90.0,90.0
mp-975373,RbNiO3,-4.971713716,-0.650802962499999,0.41978733500000204,0.0,4.796523065031163,66.52489446797706,5,True,False,"Ni,O,Rb",3,Cubic,221,Pm-3m,4.051925,4.051925,4.051925,90.0,90.0,90.0
mp-976848,NiRuO3,-6.140766374,-0.161081927,1.200749332000001,0.0,6.714458283699392,51.38110012193622,5,True,False,"Ni,O,Ru",3,Cubic,221,Pm-3m,3.717644,3.717644,3.717644,90.0,90.0,90.0
mp-977100,NiMoO3,-7.057808574000001,-0.763874613,0.936292619999999,0.0,5.553437794465942,60.589080202351056,5,True,False,"Mo,Ni,O",3,Cubic,221,Pm-3m,3.927638,3.927638,3.927638,90.0,90.0,90.0
mp-976763,NiAsO3,-5.583455896,-0.5246274505,1.013732004375006,0.0,5.97129373706661,50.50426706330274,5,True,False,"As,Ni,O",3,Cubic,221,Pm-3m,3.696374999999999,3.696374999999999,3.696374999999999,90.0,90.0,90.0
mp-977412,EuNiO3,-8.185809348000001,-2.003383026000001,0.20768661816667203,0.0,7.874320900829366,54.54536765826052,5,True,False,"Eu,Ni,O",3,Cubic,221,Pm-3m,3.792445,3.792445,3.792445,90.0,90.0,90.0
mp-1403003,TlNiO3,-5.271887158,-0.672788795666667,0.365913223666666,0.0,9.489480901416941,54.434170789211265,5,True,False,"Ni,O,Tl",3,Orthorhombic,38,Amm2,3.7858259632497635,3.7858259632497635,3.7980311388931502,89.80953028940853,89.80953028940853,90.22610265354993
mp-752649,SrNiO3,-6.203257982,-1.739968425,0.06995317499999301,0.0,5.658340730472058,57.02413804031096,5,True,False,"Ni,O,Sr",3,Monoclinic,5,C2,3.8539274220592166,3.8539274220592166,3.8393260732550445,89.99210117201697,89.99210117201697,90.22416770921308
mp-1291939,SrNiO3,-6.2211368685,-1.7578473115,0.052074288499992,0.0,5.431430013891443,237.62582013820384,20,True,False,"Ni,O,Sr",3,Orthorhombic,51,Pmma,3.893402663794357,11.129725170551652,5.483779773555919,89.98498802706848,89.97147250189387,90.0324836260227
mp-998781,TlNiO3,-5.33315619,-0.734057827666668,0.304644191666666,0.0,8.956568751415498,57.6729815206356,5,True,False,"Ni,O,Tl",3,Monoclinic,6,Pm,3.782724,3.913127,3.934731883501721,81.977395937686,90.0,90.0
mp-1101421,SrNiO3,-6.2252305455,-1.761940988499999,0.047980611499993005,0.0,5.464456699231451,236.18963103060793,20,True,False,"Ni,O,Sr",3,Orthorhombic,62,Pnma,5.491,5.515727,7.79842,90.0,90.0,90.0
mp-1209810,NiTeO3,-6.125591271,-1.372126153333333,0.046346222333334006,2.5735,6.495452555279583,239.58321700617805,20,True,False,"Ni,O,Te",3,Orthorhombic,62,Pnma,5.26689,5.999317,7.582289,90.0,90.0,90.0
mp-1209979,NiTeO3,-5.8845709830000015,-1.131105865333333,0.28736651033333405,0.14419999999999902,6.189984638537937,251.4063458923953,20,True,False,"Ni,O,Te",3,Orthorhombic,62,Pnma,5.486615,5.618953,8.154857,90.0,90.0,90.0
mp-1368210,CaNiO3,-6.2955513885,-1.7696274735,0.05580526474999901,0.0,4.445141964557334,219.31057008526895,20,True,False,"Ca,Ni,O",3,Orthorhombic,62,Pnma,5.366558,5.410364,7.553309,90.0,90.0,90.0
mp-1376903,AlNiO3,-6.886995670499999,-2.013076565499999,0.19308416283333402,0.0,4.979643714706197,178.30148622464873,20,True,False,"Al,Ni,O",3,Orthorhombic,62,Pnma,4.563563002120821,4.8811480487610694,8.004403085971182,89.98369007659764,90.00054051558257,90.00336501046363
mp-1378884,ZnNiO3,-5.408729711,-1.031977049999999,0.187397397499999,0.0,5.953183158870451,192.01812681303318,20,True,False,"Ni,O,Zn",3,Orthorhombic,62,Pnma,5.053746,5.156729,7.368083,90.0,90.0,90.0
mp-18001,TlNiO3,-5.563698480499999,-0.964600118166667,0.07410190116666701,0.0,9.175342851312838,225.19137756897152,20,False,False,"Ni,O,Tl",3,Orthorhombic,62,Pnma,5.327862,5.455579,7.747435,90.0,90.0,90.0
mp-19002,TmNiO3,-7.54801587,-2.526711635000001,0.006808182416667001,0.0,8.98413381710249,203.77587181393056,20,False,False,"Ni,O,Tm",3,Orthorhombic,62,Pnma,5.08094633,5.49113582,7.30375113,90.0,90.0,90.0
mp-18983,ErNiO3,-7.555905561,-2.5175578599999993,0.0,0.0,8.842572876016028,205.77977925513696,20,False,False,"Er,Ni,O",3,Orthorhombic,62,Pnma,5.10714498,5.49542731,7.3320099,90.0,90.0,90.0
mp-18974,HoNiO3,-7.551576216000001,-2.507236383999999,0.0,0.0,8.690128359082701,207.60973411099758,20,False,False,"Ho,Ni,O",3,Orthorhombic,62,Pnma,5.13100678,5.49720193,7.36043418,90.0,90.0,90.0
mp-19242,YNiO3,-7.892334481000001,-2.465712242,0.0,0.0,6.185143049224782,210.04992412781706,20,False,False,"Ni,O,Y",3,Orthorhombic,62,Pnma,5.1637085,5.5062684,7.38760105,90.0,90.0,90.0
mp-19265,DyNiO3,-7.549553843500002,-2.501074798833333,0.0,0.0,8.53635371800083,209.4585969454163,20,False,False,"Dy,Ni,O",3,Orthorhombic,62,Pnma,5.1539950305542215,5.4989376700087425,7.390526828034628,89.99977501788497,89.99809542094742,90.00004844869795
mp-19327,LuNiO3,-7.5646023904999975,-2.535460960833331,0.014914190291668001,0.0,9.315805899042624,200.82217848352906,20,False,False,"Lu,Ni,O",3,Orthorhombic,62,Pnma,5.05126451004446,5.467334950359395,7.271698800522524,90.00129829340582,90.00047975675122,90.00007984179001
mp-20460,NiSeO3,-6.079090575,-1.25510434046875,0.0,0.0,5.667949949635488,217.56136685478137,20,False,False,"Ni,O,Se",3,Orthorhombic,62,Pnma,4.94119162000303,5.87229752001642,7.497941220018282,90.00024741488096,89.99996044791455,90.00011801418785
mp-20718,EuNiO3,-8.257220939000002,-2.074794617000002,0.136275027166671,0.0,7.989517887966484,215.03561772695772,20,False,False,"Eu,Ni,O",3,Orthorhombic,62,Pnma,5.32951865,5.32027611,7.58382395,90.0,90.0,90.0
mp-22106,NdNiO3,-7.503700136500001,-2.425266711,0.0,0.0,7.555034424780734,220.61318188350728,20,False,False,"Nd,Ni,O",3,Orthorhombic,62,Pnma,5.38376377,5.38857796,7.6045110000000005,90.0,90.0,90.0
mp-22280,PrNiO3,-7.490565824999999,-2.406667594333332,0.0,0.0,7.386578893960931,222.64609009835596,20,False,False,"Ni,O,Pr",3,Orthorhombic,62,Pnma,5.37445976,5.42801121,7.63202038,90.0,90.0,90.0
mp-22495,SmNiO3,-7.521469400999999,-2.4529482349999983,0.0,0.0,7.868814167394936,216.98020304035126,20,False,False,"Ni,O,Sm",3,Orthorhombic,62,Pnma,5.286820540067558,5.44978590002765,7.5308864900905155,90.0002161979555,90.00051183212634,89.9997111240032
mp-23532,NiBiO3,-6.2236733725,-1.3208625715,0.044690977750013,0.0,8.78423348666736,238.69387762853074,20,True,False,"Bi,Ni,O",3,Orthorhombic,62,Pnma,5.375657,5.733563,7.744353,90.0,90.0,90.0
mp-505604,GdNiO3,-9.389624715,-2.449596327999998,0.0,0.0,8.154897113823294,214.9801926295192,20,False,False,"Gd,Ni,O",3,Orthorhombic,62,Pnma,5.23580731,5.49316529,7.47467175,90.0,90.0,90.0
mp-755865,TbNiO3,-7.545764435999999,-2.493387772333331,0.0,0.0,8.359446103714426,211.05097957634084,20,True,False,"Ni,O,Tb",3,Orthorhombic,62,Pnma,5.17983298,5.49717878,7.4119376,90.0,90.0,90.0
mp-776207,CeNiO3,-8.0604770275,-2.748283114499998,0.095256723499996,1.011699999999999,7.024042911786611,233.389042111955,20,True,False,"Ce,Ni,O",3,Orthorhombic,62,Pnma,5.319284,5.719727,7.671,90.0,90.0,90.0
mp-1281591,SrNiO3,-6.2143859635,-1.751096406499999,0.058825193499993,0.0,5.490513318012392,235.068733435189,20,True,False,"Ni,O,Sr",3,Orthorhombic,65,Cmmm,3.87615555673879,8.728576716127664,7.754378031664113,116.36409367214219,89.99240567641593,90.00969471942712
mp-1278441,LaNiO3,-7.540139836,-2.428134476,0.044250248499998,0.0,7.081181615450458,230.37032604144088,20,True,False,"La,Ni,O",3,Orthorhombic,65,Cmmm,5.468050509620956,6.687176346989362,6.686765365106061,70.42143197335493,90.01808041213549,90.02295612370135
mp-1097917,TlNiO3,-5.27181955,-0.672721187666667,0.365980831666666,0.0,9.489480951021271,54.43417050466772,5,True,False,"Ni,O,Tl",3,Monoclinic,8,Cm,3.786234374528471,3.7854173516733924,3.7980313656157447,89.81183947958507,89.80722818672598,90.22609065198122
mp-998363,NiBiO3,-6.129619996000001,-1.226809195,0.13874435425001302,0.0,8.825467439361974,59.39466570278917,5,True,False,"Bi,Ni,O",3,Monoclinic,8,Cm,3.918214636913731,3.918214636913731,3.87091793396928,89.27844766986522,89.27844766986522,88.36897960143976
mp-1337287,VCrO3,-7.893011195,-1.176843883999998,1.273723847125001,0.0,4.757296302084004,210.7371721527877,20,True,False,"Cr,O,V",3,Triclinic,1,P1,5.109285,5.509690957093782,8.85979452556875,105.59203230350911,89.85997116013785,117.58434768321565
mp-1375284,VCrO3,-7.518737944,-0.8025706329999991,1.6479970981250012,0.0,4.775316745659694,209.94192075432676,20,True,False,"Cr,O,V",3,Triclinic,1,P1,5.118099,5.500426673546335,8.829189514207066,105.49564474693611,89.93937639788757,117.65709477009196
mp-1370790,VCrO3,-7.603256185499999,-0.8870888744999981,1.563478856625002,0.0,4.7778949139992335,209.8286353801246,20,True,False,"Cr,O,V",3,Triclinic,1,P1,5.097243,5.499617883738196,8.86164650938199,105.5820136525138,89.94178381106084,117.60006865212254
mp-1376270,VCrO3,-7.866720796999999,-1.150553485999998,1.300014245125002,0.0,4.782309999063952,209.63491910610674,20,True,False,"Cr,O,V",3,Triclinic,1,P1,5.106262,5.496894699886201,8.847112485727532,105.53829532351409,90.01317261612128,117.66117203586421
mp-1373421,VCrO3,-7.601998720999999,-0.8858314099999981,1.564736321125002,0.0,4.771343255848526,210.11675665237954,20,True,False,"Cr,O,V",3,Triclinic,1,P1,5.126993,5.499044174592981,8.827918534580279,105.45597248622461,89.97797843467715,117.7208082976176
mp-753988,VCrO3,-9.155518005999998,-2.4393506949999972,0.011217036125003,1.315,5.037750813353188,199.00531148478836,20,True,False,"Cr,O,V",3,Triclinic,1,P1,5.0307822397668405,5.401564805081386,7.365080514855631,83.9002835238565,89.90972670941798,89.8336497116049
mp-754036,VCrO3,-9.155962026999998,-2.439794715999997,0.010773015125003001,1.3624,5.044746263421216,198.72935474740822,20,True,False,"Cr,O,V",3,Triclinic,1,P1,5.007635475898827,5.403755490625577,8.936806949961934,85.37969345006846,73.35687724142284,117.61006366325331
mp-755281,VCrO3,-9.154426213499999,-2.438258902499998,0.012308828625002,0.029799999999999,5.03846170580696,198.97723319771274,20,True,False,"Cr,O,V",3,Triclinic,1,P1,4.9924489926670965,5.401119034280049,8.967664417699876,85.14506014291108,73.64565190715749,117.58182458639821
mp-757023,VCrO3,-9.1534814305,-2.437314119499999,0.013253611625001,1.345499999999999,5.035799752680351,199.08241372395443,20,True,False,"Cr,O,V",3,Triclinic,1,P1,5.049218900760646,5.388211068514149,7.358600108390744,96.05204108470468,90.21383634164896,89.86897558142583
mp-770779,VCrO3,-9.157353598499999,-2.441186287499998,0.009381443625002001,1.680699999999999,5.03776469552615,199.00476310146337,20,True,False,"Cr,O,V",3,Triclinic,1,P1,5.018231746078005,5.405271683280656,8.915471720530315,85.18651829770677,73.64886519687197,117.59964689314509
mp-770849,VCrO3,-9.155606201,-2.439438889999998,0.011128841125001001,1.4095,5.038483540473991,198.97637091413105,20,True,False,"Cr,O,V",3,Triclinic,1,P1,5.038280512151542,5.413247208458222,8.894540312719373,85.1533931369761,73.64880115985304,117.87386464287474
mp-770843,VCrO3,-9.1555475535,-2.439380242499999,0.011187488625001001,0.0,5.038425701148166,198.9786550917356,20,True,False,"Cr,O,V",3,Triclinic,1,P1,5.028424472296621,5.4089467313088555,7.357009563142099,96.06643300726374,90.07953017375014,89.94044254231922
mp-770778,VCrO3,-9.153762243,-2.437594931999997,0.012972799125002,1.3901000000000001,5.035548351236363,199.09235298037535,20,True,False,"Cr,O,V",3,Triclinic,1,P1,5.051755539031088,5.411071110133853,8.893147610409862,85.39857856300014,73.50958820460652,118.03140513373613
mp-806072,VCrO3,-6.558937358,0.157229953,2.607797684125001,0.0,4.768934491447769,210.22288555063435,20,True,False,"Cr,O,V",3,Triclinic,1,P1,5.132856,5.493069528751479,8.838029634227812,105.47332441828016,90.01500135672714,117.76772852725612
mp-807999,VCrO3,-6.533004731,0.18316258000000102,2.6337303111250012,0.0,4.7778949139992335,209.8286353801246,20,True,False,"Cr,O,V",3,Triclinic,1,P1,5.097243,5.499617883738196,8.86164650938199,105.5820136525138,89.94178381106084,117.60006865212254
mp-806062,VCrO3,-6.5462284725,0.16993883850000002,2.620506569625001,0.0,4.775316745659694,209.94192075432676,20,True,False,"Cr,O,V",3,Triclinic,1,P1,5.118099,5.500426673546335,8.829189514207066,105.49564474693611,89.93937639788757,117.65709477009196
mp-803450,VCrO3,-6.4477418455,0.2684254655,2.718993196625001,0.0,4.771343255848526,210.11675665237954,20,True,False,"Cr,O,V",3,Triclinic,1,P1,5.126993,5.499044174592981,8.827918534580279,105.45597248622461,89.97797843467715,117.7208082976176
mp-1383064,AlCrO3,-7.202312774000001,-1.5538115110000001,1.342757877499998,0.0,3.863934818304003,54.568296419178175,5,True,False,"Al,Cr,O",3,Tetragonal,123,P4/mmm,3.826701,3.826701,3.726416,90.0,90.0,90.0
mp-1226313,CrMoO3,-8.717012552,-1.6484964329999992,0.444497286249998,0.0,5.39333395535818,60.32568395170272,5,True,False,"Cr,Mo,O",3,Trigonal,146,R3,3.9702682453622704,3.9702682453622704,3.970268471729966,80.63273246324442,80.63273246324442,80.63274194316406
mp-1226283,CrWO3,-8.879733188,-1.3887210449999992,0.7269175708000031,0.8863000000000001,4.161361585819264,113.26051194329801,5,True,False,"Cr,O,W",3,Trigonal,146,R3,4.846085590340517,4.846085590340517,4.846085245184303,86.69283228848695,86.69283228848695,86.69284859422802
mp-23456,CrBiO3,-7.658867663,-1.981474704000001,0.022682788000000002,1.293699999999999,8.2605226129062,248.44169502757873,20,False,False,"Bi,Cr,O",3,Monoclinic,15,C2/c,5.567582328375397,9.763593378060149,5.567568029054517,73.72882512304803,60.18539801379336,73.72870367654123
mp-1216392,VCrO3,-9.159223561999998,-2.443056250999997,0.007511480125003,1.613299999999999,5.027905257482025,99.6975000973038,10,True,False,"Cr,O,V",3,Trigonal,161,R3c,5.029768250029639,5.398022947349973,5.030166204900709,62.22542167502507,119.9973277417527,90.00014994620513
mp-546027,CrBiO3,-7.666845409999999,-1.9894524509999991,0.014705041000002,1.9846999999999992,8.64845289310953,118.64886501255923,10,True,False,"Bi,Cr,O",3,Trigonal,161,R3c,5.515867917632361,5.515866200873084,5.515333777678802,89.99986695162391,59.996841526273734,59.99991400218514
mp-19357,LaCrO3,-9.079683344000001,-3.193095826000001,0.0035275184999980004,0.0,6.731708243877956,117.86084206710214,10,False,False,"Cr,La,O",3,Trigonal,167,R-3c,5.4572005717125505,5.457200044760347,5.457496814399528,61.1344293131283,61.1344301600065,61.1354077307426
mp-19299,CrBO3,-8.855383028,-2.620118576833333,0.0,0.0,4.247466035697327,86.63825814730751,10,False,False,"B,Cr,O",3,Trigonal,167,R-3c,5.44564479878669,5.445645191507977,5.445640516282243,49.791994161047306,49.79199044782916,49.79199963662472
mp-1336975,YCrO3,-9.234290786333334,-3.033086389333334,0.157926261166666,1.3989,4.882697318692063,385.45425811357677,30,True,False,"Cr,O,Y",3,Hexagonal,185,P6_3cm,6.086927758373021,6.086927758373021,12.012846,90.0,90.0,119.99999737373055
mp-1251690,AlCrO3,-8.192928276,-2.544427012999999,0.35214237549999905,1.1578,4.12787933393825,306.4745698006157,30,True,False,"Al,Cr,O",3,Hexagonal,185,P6_3cm,5.515928196201615,5.515928196201615,11.631256,90.0,90.0,120.00000235329284
mp-1387900,YCrO3,-9.174724609000002,-2.9735202120000013,0.21749243849999902,0.0,5.035358773894465,124.58936605980726,10,True,False,"Cr,O,Y",3,Hexagonal,194,P6_3/mmc,3.4790880658832,3.4790880658832,11.8855569,90.0,90.0,120.00000809873293
mp-1385937,AlCrO3,-8.170159632,-2.521658369,0.37491101949999805,0.0,4.101895980166584,102.8053083398928,10,True,False,"Al,Cr,O",3,Hexagonal,194,P6_3/mmc,3.1801274498260272,3.1801274498260272,11.738046,90.0,90.0,119.99998855416376
mp-19271,BaCrO3,-7.608645989,-2.325464904,0.294836223625002,0.0,5.823701509693755,270.6740991655128,20,False,False,"Ba,Cr,O",3,Hexagonal,194,P6_3/mmc,5.750352941627148,5.750352941627148,9.452074,90.0,90.0,120.00001083369136
mp-540926,BaCrO3,-7.819695598,-2.536514513000001,0.083786614625002,0.0,5.96383723583796,396.4708704169665,30,False,False,"Ba,Cr,O",3,Hexagonal,194,P6_3/mmc,5.728244153220863,5.728244153220863,13.952037,90.0,90.0,120.00000176965408
mp-557081,BaCrO3,-7.8218301582857155,-2.538649073285715,0.081652054339287,0.0,5.885322716359031,937.4401924422201,70,False,False,"Ba,Cr,O",3,Hexagonal,194,P6_3/mmc,5.740694139124465,5.740694139124465,32.846124,90.0,90.0,120.00000160336023
mp-752441,SrCrO3,-7.796441788,-2.5585700730000003,0.08573069393749401,0.0,5.262387804534491,355.208570148742,30,True,False,"Cr,O,Sr",3,Hexagonal,194,P6_3/mmc,5.5051157343205785,5.5051157343205785,13.533804,90.0,90.0,119.99999680711359
mp-755321,SrCrO3,-7.785740088500001,-2.5478683735,0.096432393437494,0.0,5.171494013937901,240.9677928762296,20,True,False,"Cr,O,Sr",3,Hexagonal,194,P6_3/mmc,5.512270993747858,5.512270993747858,9.157297,90.0,90.0,120.00001192717615
mp-1101715,VCrO3,-9.157033004499997,-2.440865693499996,0.009702037625004,1.612299999999999,5.038628711251776,198.97063809352017,20,True,False,"Cr,O,V",3,Triclinic,2,P-1,5.015817819238412,5.401852690851388,8.92349397431616,85.22156065055887,73.50997016945978,117.51382703660313
mp-1374293,VCrO3,-7.801229787999999,-1.085062476999998,1.3655052541250021,0.258499999999999,4.7523802109818245,210.9551688388535,20,True,False,"Cr,O,V",3,Triclinic,2,P-1,5.119956,5.494272901562135,8.87612391529208,105.62937613332551,89.96055967178772,117.53975766524024
mp-1076732,KCrO3,-6.79726811,-1.671608068449999,0.39067048677777805,0.0,4.00124031772841,57.72427493335193,5,True,False,"Cr,K,O",3,Cubic,221,Pm-3m,3.8647329999999993,3.8647329999999993,3.8647329999999993,90.0,90.0,90.0
mp-1076360,RbCrO3,-6.653205036,-1.5577121245,0.508016842750005,0.0,5.008711280005005,61.486287631130566,5,True,False,"Cr,O,Rb",3,Cubic,221,Pm-3m,3.94693,3.94693,3.94693,90.0,90.0,90.0
mp-1076642,NaCrO3,-6.8758701779999996,-1.708139925275861,0.29644677833333505,0.0,3.878598957569679,52.65299502293593,5,True,False,"Cr,Na,O",3,Cubic,221,Pm-3m,3.7480700000000002,3.7480700000000002,3.7480700000000002,90.0,90.0,90.0
mp-1147577,GdCrO3,-10.653252972,-2.938642427,0.23466173249999903,0.7847000000000001,7.359997181461667,58.03863768944233,5,True,False,"Cr,Gd,O",3,Cubic,221,Pm-3m,3.871736,3.871736,3.871736,90.0,90.0,90.0
mp-1183696,CrCuO3,-6.743428025999999,-1.024200594999999,0.5850320386250011,0.0,5.366602669462742,50.60278799076263,5,True,False,"Cr,Cu,O",3,Cubic,221,Pm-3m,3.698776999999999,3.698776999999999,3.698776999999999,90.0,90.0,90.0
mp-1183695,CrTcO3,-8.371840446,-1.4003265599999999,0.6304814391249991,0.0,5.574121430837644,58.98279651663666,5,True,False,"Cr,O,Tc",3,Cubic,221,Pm-3m,3.892617999999999,3.892617999999999,3.892617999999999,90.0,90.0,90.0
mp-1183712,CrGeO3,-7.3711530199999995,-1.547161351999999,0.606627581,0.0,5.465313354129075,52.451887167378345,5,True,False,"Cr,Ge,O",3,Cubic,221,Pm-3m,3.743292,3.743292,3.743292,90.0,90.0,90.0
mp-1183719,CrRhO3,-7.131647658,-0.7593999869999991,0.9724235252499971,0.0,5.606497365687114,60.0951043992927,5,True,False,"Cr,O,Rh",3,Cubic,221,Pm-3m,3.916935,3.916935,3.916935,90.0,90.0,90.0
mp-1185311,LiCrO3,-6.947906294000001,-1.666735623666667,0.40936655516666304,0.0,3.566056855697144,49.7945631362843,5,True,False,"Cr,Li,O",3,Cubic,221,Pm-3m,3.678979,3.678979,3.678979,90.0,90.0,90.0
mp-1187577,TmCrO3,-8.644344738000001,-2.848458345000002,0.39895016849999704,1.9288999999999992,7.925818869102425,56.34323775911637,5,True,False,"Cr,O,Tm",3,Cubic,221,Pm-3m,3.833663,3.833663,3.833663,90.0,90.0,90.0
mp-1187572,YbCrO3,-16.75435731,-2.850292884250001,0.378741857749999,0.0,8.455175642517915,53.622082005237736,5,True,False,"Cr,O,Yb",3,Cubic,221,Pm-3m,3.7709249655371453,3.7709249655371453,3.7709249655371453,90.0,90.0,90.0
mp-18770,YCrO3,-9.088909482000002,-2.8877050850000012,0.30330756549999904,1.7679,5.480083491421764,57.23928827956947,5,True,False,"Cr,O,Y",3,Cubic,221,Pm-3m,3.853879,3.853879,3.853879,90.0,90.0,90.0
mp-18841,LaCrO3,-8.991754038,-3.105166520000001,0.091456824499999,1.903899999999999,6.549860163598633,60.56654511365902,5,False,False,"Cr,La,O",3,Cubic,221,Pm-3m,3.927151,3.927151,3.927151,90.0,90.0,90.0
mp-19353,PrCrO3,-8.86211335,-3.003632961333333,0.118023259499999,1.847,6.812662166642102,58.71817644999847,5,False,False,"Cr,O,Pr",3,Cubic,221,Pm-3m,3.886788,3.886788,3.886788,90.0,90.0,90.0
mp-19062,NdCrO3,-8.851744172,-2.9987285885,0.143114159500001,1.904,6.826963263257871,59.40619598973787,5,False,False,"Cr,Nd,O",3,Cubic,221,Pm-3m,3.90191,3.90191,3.90191,90.0,90.0,90.0
mp-19257,SmCrO3,-8.816893528,-2.973790204,0.19728175550000002,1.7362000000000002,7.130569291617402,58.30152946273373,5,False,False,"Cr,O,Sm",3,Cubic,221,Pm-3m,3.877573,3.877573,3.877573,90.0,90.0,90.0
mp-20530,CeCrO3,-9.057196486,-2.970420415,0.19220243360000203,0.0,6.687745320618523,59.618378740261385,5,False,False,"Ce,Cr,O",3,Cubic,221,Pm-3m,3.90655,3.90655,3.90655,90.0,90.0,90.0
mp-20029,SrCrO3,-7.809627400000001,-2.5717556850000003,0.07254508193749301,0.0,5.279509212613665,59.00943857782975,5,False,False,"Cr,O,Sr",3,Cubic,221,Pm-3m,3.893204,3.893204,3.893204,90.0,90.0,90.0
mp-754941,EuCrO3,-9.675087826,-2.718079346000002,0.187800817000001,0.0,7.164906612742856,58.39386651041873,5,True,False,"Cr,Eu,O",3,Cubic,221,Pm-3m,3.879619,3.879619,3.879619,90.0,90.0,90.0
mp-866101,AcCrO3,-8.862593228,-3.1389721295,0.0,2.0031,8.848788046728616,61.36284504026082,5,True,False,"Ac,Cr,O",3,Cubic,221,Pm-3m,3.9442869,3.94430226,3.9442715,90.0,90.0,90.0
mp-781082,SrCrO3,-7.816883840285714,-2.579012125285714,0.065288641651781,0.5880000000000001,5.067403038596599,860.7115343340237,70,True,False,"Cr,O,Sr",3,Orthorhombic,40,Ama2,5.543739,5.551915444890078,32.25815787918763,90.07578099777638,90.0095859572835,119.89870501616586
mp-769855,SrCrO3,-7.8119524545,-2.5740807395000003,0.070220027437494,0.829399999999999,5.024541828978767,248.0153496233369,20,True,False,"Cr,O,Sr",3,Orthorhombic,40,Ama2,5.5373114291960315,5.5373114291960315,9.282726,90.0,90.0,119.38117357096768
mp-761337,SrCrO3,-7.824536523000001,-2.586664808,0.05763595893749401,0.7210000000000001,5.124997657756186,364.730946713303,30,True,False,"Cr,O,Sr",3,Orthorhombic,40,Ama2,5.531538,5.552581242214922,13.685607312090974,89.99368283501656,89.98776683670725,60.19202418737048
mp-770855,VCrO3,-9.155188710000001,-2.439021399,0.011546332125000001,1.4293,5.039180100435685,198.94886664348786,20,True,False,"Cr,O,V",3,Monoclinic,5,C2,5.409658461542849,5.409658461542849,8.645320398396656,74.38234801651956,74.38234801651956,55.6428743959042
mp-2225290,MgCrO3,-7.559965722000001,-2.334485622000001,0.171648615999999,0.9534,2.7239594734223602,75.77346345087477,5,True,False,"Cr,Mg,O",3,Monoclinic,6,Pm,5.262659205060214,5.244500241935832,3.054912,90.0,90.0,116.0138206815511
mp-1105306,TlCrO3,-7.067328762,-1.6936482416666672,0.039864296500002006,0.43460000000000004,8.644508645260622,233.87374183496345,20,False,False,"Cr,O,Tl",3,Orthorhombic,62,Pnma,5.416771,5.521843,7.819103,90.0,90.0,90.0
mp-1105788,SmCrO3,-9.0141752835,-3.1710719595,0.0,2.4802,7.31736891568508,227.25277373957564,20,False,False,"Cr,O,Sm",3,Orthorhombic,62,Pnma,5.35209304,5.54722294,7.65437822,90.0,90.0,90.0
mp-1105822,PrCrO3,-8.980136609499999,-3.121656220833332,0.0,2.0419,6.837139433917559,234.03185092916053,20,False,False,"Cr,O,Pr",3,Orthorhombic,62,Pnma,5.4670064400000005,5.52184358,7.7524912,90.0,90.0,90.0
mp-1189762,EuCrO3,-9.75270136350002,-2.795692883500019,0.11018727949998201,0.0,7.472887885695216,223.9490845861657,20,False,False,"Cr,Eu,O",3,Orthorhombic,62,Pnma,5.39511602,5.39569274,7.69309849,90.0,90.0,90.0
mp-1209736,PuCrO3,-10.649661856,-2.802689262749997,0.08201357066666701,0.0,9.51267276546756,240.1915793472138,20,True,False,"Cr,O,Pu",3,Orthorhombic,62,Pnma,5.472803,5.61466,7.816719,90.0,90.0,90.0
mp-1345463,AlCrO3,-8.3687851905,-2.7202839275,0.176285460999999,1.802899999999999,4.415202888009722,191.0202958801217,20,True,False,"Al,Cr,O",3,Orthorhombic,62,Pnma,5.019513,5.052393,7.532182,90.0,90.0,90.0
mp-1341277,ZnCrO3,-6.9905993775,-1.8392645584999991,0.139117740500003,0.024200000000000003,5.48851766439863,200.16963281443952,20,True,False,"Cr,O,Zn",3,Orthorhombic,62,Pnma,5.105534017852491,5.127049013048636,7.646973042584497,90.00792296327013,90.00937750492726,89.9986894363993
mp-1346485,MgCrO3,-7.61111737,-2.385637270000001,0.12049696800000001,0.229299999999999,4.264870753147212,193.58508667463838,20,True,False,"Cr,Mg,O",3,Orthorhombic,62,Pnma,5.023085,5.228711,7.370666,90.0,90.0,90.0
mp-18331,GdCrO3,-10.8879147045,-3.173304159499999,0.0,2.6309,7.60771859687336,224.59516837845578,20,False,False,"Cr,Gd,O",3,Orthorhombic,62,Pnma,5.31706381,5.54613965,7.6161894100000005,90.0,90.0,90.0
mp-18725,YCrO3,-9.3922170475,-3.191012650500001,0.0,2.4831,5.719311184536888,219.38031951097574,20,False,False,"Cr,O,Y",3,Orthorhombic,62,Pnma,5.245435860022576,5.53958790000013,7.549855260033791,89.99998068245759,90.00033938814309,89.99999978737696
mp-18961,ScCrO3,-9.296693205,-3.130813287000001,0.036846917874999004,2.417799999999999,4.6312337405873905,207.8888721409463,20,False,False,"Cr,O,Sc",3,Orthorhombic,62,Pnma,5.0888840000001965,5.407961000000185,7.5539680000003315,89.99998182042835,90.00002642872559,90.00002185371906
mp-19063,ErCrO3,-9.049514932000001,-3.236585073,0.0,0.2571,8.25931696741174,214.92554267079566,20,False,False,"Cr,Er,O",3,Orthorhombic,62,Pnma,5.18848926,5.52090784,7.50302878,90.0,90.0,90.0
mp-19269,NdCrO3,-8.994858331500001,-3.141842748000002,0.0,2.54,7.009167420076486,231.44769889226694,20,False,False,"Cr,Nd,O",3,Orthorhombic,62,Pnma,5.420963110000096,5.534221110000094,7.71471539,90.0,90.0,89.99997865925725
mp-19381,DyCrO3,-9.043801588000003,-3.220740385333334,0.0,2.4922,7.978148620394884,218.53793938887344,20,False,False,"Cr,Dy,O",3,Orthorhombic,62,Pnma,5.23463434,5.53590021,7.54140459,90.0,90.0,90.0
mp-19281,LaCrO3,-9.0832108625,-3.1966233445,0.0,2.3706,6.706217884389386,236.61766314523803,20,False,False,"Cr,La,O",3,Orthorhombic,62,Pnma,5.505722440037202,5.519745730012443,7.78598881,90.0,90.0,90.0003322846593
mp-20772,CaCrO3,-7.9187860535,-2.618279980499998,0.065114058000003,0.40690000000000004,4.222917142537827,220.31739524847345,20,False,False,"Ca,Cr,O",3,Orthorhombic,62,Pnma,5.333433000043499,5.472255000132029,7.548760000087762,90.00058263990869,90.0001846122857,90.0004451997756
mp-559851,CrBiO3,-7.670347761000002,-1.992954802000002,0.011202689999999,1.790499999999999,8.84812721008082,231.942668887704,20,False,False,"Bi,Cr,O",3,Orthorhombic,62,Pnma,5.3978029800173,5.568480390000614,7.716616670017745,89.99996686171228,89.9997373947319,89.99994394362619
mp-755471,LuCrO3,-9.0573971395,-3.253673551833335,0.0,2.5313,8.695893111836789,210.0228117255138,20,False,False,"Cr,Lu,O",3,Orthorhombic,62,Pnma,5.13477912,5.48498586,7.45708665,90.0,90.0,90.0
mp-756147,CrInO3,-7.5802655195,-2.129044673833333,0.051282904499999005,1.4521,6.454494653224261,221.0578738076804,20,False,False,"Cr,In,O",3,Orthorhombic,62,Pnma,5.247183001174916,5.450137001194557,7.729873000004787,89.99989555138553,90.0000698181932,89.99758950280018
mp-756124,TbCrO3,-9.0416070835,-3.214648261833333,0.0,2.4854,7.801541691124652,220.4416567686988,20,False,False,"Cr,O,Tb",3,Orthorhombic,62,Pnma,5.25593727,5.54415288,7.56498891,90.0,90.0,90.0
mp-756834,HoCrO3,-9.045650313500001,-3.2267283235,0.0,2.4964,8.113944214971221,216.86995599622566,20,False,False,"Cr,Ho,O",3,Orthorhombic,62,Pnma,5.21129171,5.52912416,7.5265797,90.0,90.0,90.0
mp-756322,HfCrO3,-9.9942832415,-3.103459338499999,0.09728987566666601,1.7873,7.555903212417212,244.80676715117258,20,True,False,"Cr,Hf,O",3,Orthorhombic,62,Pnma,4.906804,5.329205,9.361863,90.0,90.0,90.0
mp-777295,TmCrO3,-9.043294906499998,-3.2474085135,0.0,2.6809000000000003,8.385646496521579,213.01460640525085,20,False,False,"Cr,O,Tm",3,Orthorhombic,62,Pnma,5.16618224,5.50964451,7.4836950700000004,90.0,90.0,90.0
mp-780712,CeCrO3,-9.187636586,-3.100860515,0.061762333600002,0.0,6.5089314590652645,245.02487755512755,20,True,False,"Ce,Cr,O",3,Orthorhombic,62,Pnma,5.486245999999999,5.7197569999999995,7.808315,90.0,90.0,90.0
mp-1325463,SrCrO3,-7.683591969857144,-2.445720254857144,0.19858051208035102,0.0,5.058458409032564,862.2334892881977,70,True,False,"Cr,O,Sr",3,Orthorhombic,63,Cmcm,5.55380746343065,5.55380746343065,32.278374,90.0,90.0,119.99977918387579
mp-1372100,SrCrO3,-7.7131214539999995,-2.4752497389999992,0.16905102793749502,0.0,5.124994466571006,364.7311738206685,30,True,False,"Cr,O,Sr",3,Orthorhombic,63,Cmcm,5.555374678202181,5.555374678202181,13.685607,90.0,90.0,120.28367076555611
mp-1181841,CrBiO3,-5.7346057550000005,-0.057212796,1.946944696000001,0.029800000000000004,2.255004037656982,455.0453581219345,10,True,False,"Bi,Cr,O",3,Monoclinic,9,Cc,13.244400374068846,5.817435676812336,9.060490957093274,102.50987379294052,136.9608450740823,72.76072966992693
mp-1178894,VHO3,-7.386914307500001,-1.9223232027500012,0.06399296724999601,0.009399999999999001,2.53235687666212,262.1541416440997,20,True,False,"H,O,V",3,Triclinic,1,P1,3.673247,6.18254517749074,12.111181990417037,94.31013398989161,89.36462413004828,107.0795174602221
mp-562987,VCuO3,-7.389398718000001,-1.783999567000001,0.106599315999993,0.8024,3.370874003857391,80.04269880900075,5,True,False,"Cu,O,V",3,Triclinic,1,P1,3.222381,5.010254466839484,5.532574663121773,111.11934689630226,105.33184345054808,89.10338145792896
mp-625407,VHO3,-7.4021558679999995,-1.937564763249999,0.048751406749998005,2.1077,2.743890284113196,362.9160286664567,30,True,False,"H,O,V",3,Triclinic,1,P1,5.189992,8.185303492861154,8.627587549083405,89.65306874192945,87.94920091929447,82.22967385917906
mp-627684,VHO3,-7.153336496,-1.68874539125,0.29757077874999804,0.32219999999999904,2.348622948026337,282.6625891123868,20,True,False,"H,O,V",3,Triclinic,1,P1,3.717014,6.093734140106951,13.14990065364218,90.51937038677075,96.43338261436418,107.06919641300351
mp-627119,VHO3,-7.381677612,-1.9170865072499992,0.069229662749997,0.6363,2.545223543173255,260.82889462440477,20,True,False,"H,O,V",3,Triclinic,1,P1,3.634134,6.175622327966389,12.141031318606588,93.53318590824621,90.02793286035366,106.41795829626847
mp-802021,AlVO3,-6.431849764000001,-0.8971767810000001,2.083372569624996,0.0,3.88327316373461,430.76472283781874,40,True,False,"Al,O,V",3,Triclinic,1,P1,5.83721,5.879806871499862,13.213206355832675,102.84629517992106,102.68481071224087,90.05662530015469
mp-1178874,VHO3,-7.428777367666667,-1.964186262916666,0.022129907083330003,2.071399999999999,2.912898127176999,341.85945458103134,30,True,False,"H,O,V",3,Monoclinic,11,P2_1/m,5.045671401325794,8.772321999999999,7.9982947135439435,90.0,105.06244997018196,90.0
mp-1176521,LiVO3,-7.512539812,-2.345197421666667,0.082759272000008,0.00019999999999900002,3.35218185163503,104.89827015989523,10,True,False,"Li,O,V",3,Monoclinic,12,C2/m,5.106291119772354,5.106291119772354,4.978615320478677,83.46425111984375,83.46425111984375,123.63225433269271
mp-754098,LiVO3,-7.483950119000001,-2.316607728666667,0.111348965000007,2.0933,3.211854045482234,109.48133773155732,10,True,False,"Li,O,V",3,Monoclinic,12,C2/m,6.5954246220944714,6.5954246220944714,6.068163021702861,76.31625421081392,76.31625421081392,25.31002991412426
mp-1504764,YVO3,-8.999762156,-2.9123860390000003,0.35329186500000204,0.0,5.230961248124892,59.63050756183239,5,True,False,"O,V,Y",3,Tetragonal,123,P4/mmm,3.863003,3.863003,3.995935,90.0,90.0,90.0
mp-1435359,CaVO3,-8.115363726000002,-2.928685933000001,0.008814690910714,0.2606,4.10753889584289,224.8006192053436,20,True,False,"Ca,O,V",3,Monoclinic,14,P2_1/c,5.381454,5.437594,7.682538597074408,89.54560637636241,90.0,90.0
mp-2767717,LuVO3,-17.378715599,-3.361304225583333,0.0,0.261099999999999,8.4541479423787,215.19981862324127,20,True,False,"Lu,O,V",3,Monoclinic,14,P2_1/c,5.159872116222104,5.550832089786813,7.51450894403818,89.7648397572846,89.52293323503784,89.24997297428766
mp-1178549,AlVO3,-8.495406463,-2.96073348,0.019815870624997,1.569,4.493987813890738,186.1127752626733,20,True,False,"Al,O,V",3,Trigonal,148,R-3,4.881115204855291,9.44892760204783,4.881240366042364,75.04115013526125,119.99756213503001,104.9545990199866
mp-504580,VCuO3,-7.401524406,-1.7961252550000002,0.09447362799999401,0.658999999999999,5.242412013754299,102.93500469095072,10,False,False,"Cu,O,V",3,Trigonal,148,R-3,5.561753345053877,5.561753345053877,5.5617528051394025,53.42632744828868,53.42632744828868,53.42632881752913
mp-1101657,NaVO3,-7.3867767055,-2.332874732775862,0.0428729455,3.2243,2.558787975560403,316.5071104649094,20,True,False,"Na,O,V",3,Monoclinic,15,C2/c,7.823921574469225,7.823921574469225,6.238242267934534,66.34111706182652,113.65888293817348,106.91597977792861
mp-1178815,VAgO3,-7.0974000565,-1.743254703833332,0.011701726000012002,1.9488,4.7757440552437025,287.6306546239166,20,False,False,"Ag,O,V",3,Monoclinic,15,C2/c,7.30595360797313,7.30595360797313,5.802879396740563,74.50897404910603,74.50897404910603,85.38522191132587
mp-19083,NaVO3,-7.429649651000001,-2.375747678275863,0.0,3.2386,2.928057867409888,276.591046048342,20,False,False,"Na,O,V",3,Monoclinic,15,C2/c,5.891257970977989,7.0933786560145755,7.093378970677873,82.96980114611709,75.21124826881791,75.21123399924394
mp-19373,LiVO3,-7.595299084000008,-2.427956693666675,0.0,3.0342,3.033697700712837,231.8214352176776,20,False,False,"Li,O,V",3,Monoclinic,15,C2/c,6.607989539160172,6.607989539160172,5.8346504079170725,73.39932612463488,73.39932612463488,78.1114243639203
mp-19440,LiVO3,-7.5945367915,-2.427194401166667,0.0,2.8357,2.393861855937532,293.78309915898933,20,True,False,"Li,O,V",3,Monoclinic,15,C2/c,7.648511806018475,7.648511806018475,5.797598280676663,68.56626188087102,68.56626188087102,83.53101444555439
mp-624691,VAgO3,-7.0859557935,-1.731810440833332,0.023145989000012003,1.918899999999999,4.679945601066319,293.51845214034967,20,False,False,"Ag,O,V",3,Monoclinic,15,C2/c,7.297702207230507,7.297702207230507,5.601956752011658,82.8904891165025,82.8904891165025,86.78467741411825
mp-723831,LiVO3,-7.594536791500007,-2.427194401166674,0.000762292500001,2.7113,2.582351285594247,272.33946013428664,20,True,False,"Li,O,V",3,Monoclinic,15,C2/c,5.68874566951318,7.464220390082931,7.464221040600787,82.97939077883879,67.98238898783805,67.98237587022004
mp-755199,VGeO3,-7.869839513500001,-2.159676125500001,0.078092769625,0.014299999999999001,4.763920504405174,239.22716142895217,20,True,False,"Ge,O,V",3,Monoclinic,15,C2/c,5.272905109877666,6.796618153659436,6.796816322492319,94.2070371175358,82.6823670980501,97.31846826630202
mp-754608,VSiO3,-8.679419126500001,-2.8087977035,0.020424157416666002,0.0,3.983450374027556,211.80663719870822,20,True,False,"O,Si,V",3,Monoclinic,15,C2/c,5.044745738264472,6.542455933066406,6.542457871769489,93.2077050523802,82.20503287875337,97.79496707460063
mp-19150,BaVO3,-7.9996028080000015,-2.830250003000001,0.075138658999977,0.0,5.778850647108947,339.45338739887467,25,False,False,"Ba,O,V",3,Trigonal,164,P-3m1,5.77793,5.777929860320303,11.740997,90.0,90.0,120.0000007996925
mp-18946,VBO3,-8.848075437,-2.726639265833333,0.0,1.874699999999999,4.063605840500683,89.69635938619571,10,False,False,"B,O,V",3,Trigonal,167,R-3c,5.522130316437083,5.522130650853182,5.522129720139836,49.56772360396756,49.567735926183296,49.56773785217251
mp-1375509,YVO3,-9.272332514333334,-3.184956397333335,0.08072150666666801,1.1014,4.7442820800307555,394.4852380193316,30,True,False,"O,V,Y",3,Hexagonal,185,P6_3cm,6.14666025251079,6.14666025251079,12.056513,90.0,90.0,120.00000271789533
mp-1384488,AlVO3,-8.18761932,-2.652946337,0.32760301362499705,0.0,3.965967440785815,105.4457148889399,10,True,False,"Al,O,V",3,Hexagonal,194,P6_3/mmc,3.177693368274856,3.177693368274856,12.057972,90.0,90.0,119.99998684750364
mp-1402500,YVO3,-9.199071232,-3.111695115,0.153982789000002,0.0,4.700647872878923,132.7156948137553,10,True,False,"O,V,Y",3,Hexagonal,194,P6_3/mmc,3.5126696058619005,3.5126696058619005,12.419869,90.0,90.0,119.99999257659555
mp-1100926,VAgO3,-7.0310032655,-1.676857912833333,0.07809851700001201,1.7207,4.506266912812578,609.6622395004396,40,True,False,"Ag,O,V",3,Triclinic,2,P-1,5.327099324222141,14.883772764700621,9.37683501395268,55.47088677511917,91.978404024409,86.88864761233341
mp-29188,VHgO3,-6.635623628000002,-1.788131403500003,0.003496093374999,2.175599999999999,6.750589982871576,147.3591996311414,10,False,False,"Hg,O,V",3,Triclinic,2,P-1,3.583442643827672,4.878733203704883,8.65353611897472,85.81277174751125,77.59814177842304,88.74475352356909
mp-1105167,VCuO3,-7.342631387500001,-1.737232236500001,0.15336664649999301,0.0,5.481797718239921,196.87983138529862,20,False,False,"Cu,O,V",3,Cubic,204,Im-3,6.347573034206617,6.347573034206617,6.347573034206617,109.47122063449069,109.47122063449069,109.47122063449069
mp-1016853,CaVO3,-8.017946754,-2.831268961,0.10623166291071501,0.0,4.107568071709151,56.19975561423256,5,True,False,"Ca,O,V",3,Cubic,221,Pm-3m,3.830406,3.830406,3.830406,90.0,90.0,90.0
mp-1016886,MgVO3,-7.369989646,-2.258337826,0.5105881479999951,0.0,3.791494950360921,53.97676689030422,5,True,False,"Mg,O,V",3,Cubic,221,Pm-3m,3.779220999999999,3.779220999999999,3.779220999999999,90.0,90.0,90.0
mp-1016904,VCdO3,-6.763391212,-1.7858313570000002,0.285856828999976,0.0,6.197507247700209,56.628589540333415,5,True,False,"Cd,O,V",3,Cubic,221,Pm-3m,3.840124,3.840124,3.840124,90.0,90.0,90.0
mp-1017465,BaVO3,-7.959825548,-2.790472743000001,0.11491591899997701,0.0,6.211395266623796,63.16295592953194,5,False,False,"Ba,O,V",3,Cubic,221,Pm-3m,3.982485,3.982485,3.982485,90.0,90.0,90.0
mp-1016931,VZnO3,-6.7178567099999995,-1.6803501710000002,0.5494903799999971,0.0,5.05143604595241,54.02571356190828,5,True,False,"O,V,Zn",3,Cubic,221,Pm-3m,3.780363,3.780363,3.780363,90.0,90.0,90.0
mp-1016938,VHgO3,-6.347981838,-1.500489613500001,0.291137883375001,0.0,8.618806919094467,57.7087725860362,5,True,False,"Hg,O,V",3,Cubic,221,Pm-3m,3.864387,3.864387,3.864387,90.0,90.0,90.0
mp-1069346,PrVO3,-8.735173972000002,-2.990521863333335,0.212041934499998,0.0,6.532060516745839,60.972474715206346,5,False,False,"O,Pr,V",3,Cubic,221,Pm-3m,3.935905,3.935905,3.935905,90.0,90.0,90.0
mp-1076633,KVO3,-7.201591718,-2.18975995645,0.21691129050000002,0.21860000000000002,4.006977597551768,57.204585275290995,5,True,False,"K,O,V",3,Cubic,221,Pm-3m,3.8531,3.8531,3.8531,90.0,90.0,90.0
mp-1076638,RbVO3,-7.033888604,-2.0522239725,0.357393584999999,0.24980000000000002,5.102348844183125,60.014684858942445,5,True,False,"O,Rb,V",3,Cubic,221,Pm-3m,3.915187,3.915187,3.915187,90.0,90.0,90.0
mp-1099591,NaVO3,-7.287729564,-2.233827591275862,0.141920087,0.21679999999999902,3.767194412583095,53.745207954482915,5,True,False,"Na,O,V",3,Cubic,221,Pm-3m,3.773809,3.773809,3.773809,90.0,90.0,90.0
mp-1100777,VTeO3,-6.760054014,-1.345835018333333,0.6161638888333351,0.0,6.203804357410974,60.636667488791325,5,True,False,"O,Te,V",3,Cubic,221,Pm-3m,3.928665999999999,3.928665999999999,3.928665999999999,90.0,90.0,90.0
mp-1183128,AlVO3,-7.805885834,-2.271212851,0.709336499624997,0.0,4.333779068004552,48.24822233179429,5,True,False,"Al,O,V",3,Cubic,221,Pm-3m,3.640495,3.640495,3.640495,90.0,90.0,90.0
mp-1183168,AcVO3,-8.750861914000003,-3.141069095500003,0.0,0.0,8.6637462299545,62.471313314162764,5,True,False,"Ac,O,V",3,Cubic,221,Pm-3m,3.96789433,3.96789746,3.96789433,90.0,90.0,90.0
mp-1183449,BeVO3,-7.243470252,-1.710029862,1.044593365000002,0.0,4.446281942922852,40.316453089377035,5,True,False,"Be,O,V",3,Cubic,221,Pm-3m,3.428947,3.428947,3.428947,90.0,90.0,90.0
mp-1187389,TbVO3,-8.60458872,-2.891458178333335,0.400170577,0.0,7.544947010877843,56.75255092161906,5,True,False,"O,Tb,V",3,Cubic,221,Pm-3m,3.842924,3.842924,3.842924,90.0,90.0,90.0
mp-1187744,VBiO3,-7.377992122,-1.814427443000001,0.27371001112500104,0.0,8.361422175665389,61.15148173351132,5,True,False,"Bi,O,V",3,Cubic,221,Pm-3m,3.939753,3.939753,3.939753,90.0,90.0,90.0
mp-1187750,VOsO3,-7.8646217499999995,-0.8335904470000001,1.082910720000005,0.0,8.01920057245928,59.878485316366636,5,True,False,"O,Os,V",3,Cubic,221,Pm-3m,3.912223,3.912223,3.912223,90.0,90.0,90.0
mp-1395974,AlVO3,-7.286648706000001,-1.751975723000001,1.2285736276249961,0.0,3.742320545725786,55.87365738853553,5,True,False,"Al,O,V",3,Cubic,221,Pm-3m,3.822983,3.822983,3.822983,90.0,90.0,90.0
mp-19053,LaVO3,-8.874802302,-3.102043064000001,0.17725938700000102,0.0,6.408106455024793,61.633057964794716,5,False,False,"La,O,V",3,Cubic,221,Pm-3m,3.950068,3.950068,3.950068,90.0,90.0,90.0
mp-18717,SrVO3,-8.00291119,-2.878867755,0.039101676860283006,0.0,5.21885807260035,59.35966561911505,5,False,False,"O,Sr,V",3,Cubic,221,Pm-3m,3.900891,3.900891,3.900891,90.0,90.0,90.0
mp-19253,NdVO3,-8.737238134,-2.9980508305,0.2229974875,0.0,6.686510488045713,60.39214532814181,5,False,False,"Nd,O,V",3,Cubic,221,Pm-3m,3.923378,3.923378,3.923378,90.0,90.0,90.0
mp-20702,SmVO3,-8.679960838000001,-2.950685794000001,0.299045315499999,0.0,6.9568406930946685,59.5057310357224,5,False,False,"O,Sm,V",3,Cubic,221,Pm-3m,3.904088,3.904088,3.904088,90.0,90.0,90.0
mp-22593,CeVO3,-8.936921746,-2.963973955,0.265832863299998,0.0,6.588682830299179,60.2489661693708,5,False,False,"Ce,O,V",3,Cubic,221,Pm-3m,3.920275,3.920275,3.920275,90.0,90.0,90.0
mp-756315,EuVO3,-9.789797889000003,-2.9466176890000053,0.043242436124989,0.0,7.310121614478355,56.99431798498433,5,True,False,"Eu,O,V",3,Cubic,221,Pm-3m,3.8467932285818005,3.8513627664325982,3.8469746388457544,90.03596076510553,90.11370437313616,90.0371796089971
mp-972116,VIrO3,-7.200050698000001,-0.646806045000002,1.244942713500001,0.0,7.9814118168985235,60.57538264454688,5,True,False,"Ir,O,V",3,Cubic,221,Pm-3m,3.927342,3.927342,3.927342,90.0,90.0,90.0
mp-972184,VPtO3,-6.95606388,-0.956279399,0.8465754645000041,0.0,8.804705797753165,55.45191986776771,5,True,False,"O,Pt,V",3,Cubic,221,Pm-3m,3.81334,3.81334,3.81334,90.0,90.0,90.0
mp-972978,ScVO3,-8.577903116,-2.525851478,0.725788688999999,0.0,4.401663411098977,54.284997039030245,5,True,False,"O,Sc,V",3,Cubic,221,Pm-3m,3.786401,3.786401,3.786401,90.0,90.0,90.0
mp-973486,LuVO3,-8.455128082,-2.765232774333333,0.563932857749998,0.0,7.947822037687013,57.22734779374253,5,True,False,"Lu,O,V",3,Cubic,221,Pm-3m,3.853611,3.853611,3.853611,90.0,90.0,90.0
mp-1079330,MgVO3,-7.695857052000001,-2.5842052320000013,0.18472074199999503,0.0,2.813136887097381,145.497817784871,10,False,False,"Mg,O,V",3,Orthorhombic,36,Cmc2_1,5.785580397534892,5.785580397534892,5.311099,90.0,90.0,125.07268635007696
mp-625246,VHO3,-7.402357497333333,-1.937766392583333,0.048549777416664004,2.1444,2.776501606796738,358.6534085084494,30,True,False,"H,O,V",3,Monoclinic,4,P2_1,8.570394,5.115848,8.290879816449518,80.62159446333423,90.0,90.0
mp-625258,VHO3,-7.426041035333333,-1.961449930583333,0.024866239416664,2.1433,2.970626307385457,335.2160998948648,30,True,False,"H,O,V",3,Monoclinic,4,P2_1,8.697049,5.045689,7.871836464597699,76.02769800481175,90.0,90.0
mp-763200,LiVO3,-7.5099917760000015,-2.342649385666668,0.085307308000007,2.002999999999999,3.258063582794419,107.92854975417988,10,True,False,"Li,O,V",3,Monoclinic,5,C2,4.950276238632042,4.950276238632042,5.366326911573315,77.40280801437854,77.40280801437854,115.8290387919775
mp-1178820,VNO3,-7.785383456000001,-1.332170090000001,0.387016587500002,0.0,2.143923168997543,349.92281877251384,20,True,False,"N,O,V",3,Orthorhombic,57,Pbcm,3.210251,6.014614,18.122809,90.0,90.0,90.0
mp-1189578,VNO3,-6.7828941065,-0.329680740499999,1.3895059370000031,0.17550000000000002,1.88177340749285,398.6705495678396,20,False,False,"N,O,V",3,Orthorhombic,57,Pbcm,5.219632,12.524772,6.098239,90.0,90.0,90.0
mp-1189181,VNO3,-7.776691492,-1.323478126,0.395708551500002,0.0,2.478833184765723,302.6454717235132,20,True,False,"N,O,V",3,Orthorhombic,57,Pbcm,3.211532,6.092092,15.468759,90.0,90.0,90.0
mp-18815,KVO3,-7.418503008500001,-2.406671246950001,0.0,3.046,2.9267540433941823,313.27195695543344,20,False,False,"K,O,V",3,Orthorhombic,57,Pbcm,5.1974608,5.65515664,10.65824401,90.0,90.0,90.0
mp-19031,RbVO3,-7.391282189,-2.4096175575,0.0,3.0572,3.566212186908948,343.46341930871506,20,False,False,"O,Rb,V",3,Orthorhombic,57,Pbcm,5.319552,5.70559893,11.31629318,90.0,90.0,90.0
mp-22330,TlVO3,-7.2685180305,-2.008665790166668,0.006314270642858001,2.9763,6.069729515437828,331.92892040229884,20,False,False,"O,Tl,V",3,Orthorhombic,57,Pbcm,5.15348249,5.77053724,11.16164076,90.0,90.0,90.0
mp-504651,CsVO3,-7.3827109065,-2.415557575431035,0.0,3.1105,3.973431260935961,387.56219181813697,20,False,False,"Cs,O,V",3,Orthorhombic,57,Pbcm,5.45086244,5.79445238,12.27054304,90.0,90.0,90.0
mp-1178351,EuVO3,-9.803838922500002,-2.9606587225000043,0.029201402624989003,0.0,7.312098681075076,227.9156307793317,20,True,False,"Eu,O,V",3,Orthorhombic,62,Pnma,5.44924128,5.44359745,7.68337572,90.0,90.0,90.0
mp-1188225,SmVO3,-8.9790061535,-3.249731109500001,0.0,1.5136,7.085078065698469,233.71479456005082,20,False,False,"O,Sm,V",3,Orthorhombic,62,Pnma,5.36908064,5.69279481,7.64646575,90.0,90.0,90.0
mp-1209329,PrVO3,-8.9472159065,-3.2025637978333332,0.0,1.301599999999999,6.648298263782472,239.62576821509148,20,False,False,"O,Pr,V",3,Orthorhombic,62,Pnma,5.48384877,5.49925769,7.94591615,90.0,90.0,90.0
mp-1209729,PuVO3,-10.625839832,-2.8926955187499983,0.047993956083333005,0.0,9.354225699896658,243.51123764070616,20,True,False,"O,Pu,V",3,Orthorhombic,62,Pnma,5.440206,5.761251,7.769389,90.0,90.0,90.0
mp-1248251,AlVO3,-8.363604847500001,-2.8289318645000012,0.151617486124996,1.679199999999999,4.18024054354719,200.08143917242444,20,True,False,"Al,O,V",3,Orthorhombic,62,Pnma,5.036054,5.052761,7.862989,90.0,90.0,90.0
mp-1370061,MgVO3,-7.7877612565,-2.6761094365,0.09281653749999501,0.6976000000000001,4.109948642226068,199.17780674801926,20,True,False,"Mg,O,V",3,Orthorhombic,62,Pnma,5.092734,5.249877,7.449734999999999,90.0,90.0,90.0
mp-1378086,VZnO3,-7.1620193815,-2.124512842500001,0.10532770849999601,0.8621000000000001,5.380214103185048,202.89708302378835,20,True,False,"O,V,Zn",3,Orthorhombic,62,Pnma,5.150506,5.1538640000000004,7.643512,90.0,90.0,90.0
mp-19024,HoVO3,-9.0064348285,-3.301341118499998,0.0,0.0,7.872520870621884,222.6308365086166,20,False,False,"Ho,O,V",3,Orthorhombic,62,Pnma,5.23261452,5.65391191,7.52519119,90.0,90.0,90.0
mp-18769,CeVO3,-9.1987452875,-3.225797496499999,0.004009321799998001,0.0,6.665793739018934,238.20798811685643,20,False,False,"Ce,O,V",3,Orthorhombic,62,Pnma,5.48327617,5.64619193,7.6941485,90.0,90.0,90.0
mp-18883,YVO3,-9.353054021000002,-3.2656779040000012,0.0,0.0,5.563301518482908,224.27321131213782,20,False,False,"O,V,Y",3,Orthorhombic,62,Pnma,5.274392604076551,5.659848680930874,7.512776292639201,89.92957947762497,90.00384683511821,90.00254288712853
mp-19205,ErVO3,-9.009617456500001,-3.3105158775,0.0,1.5838,8.018613803040648,220.50361904722976,20,False,False,"Er,O,V",3,Orthorhombic,62,Pnma,5.20978186,5.64494742,7.49784195,90.0,90.0,90.0
mp-19350,LaVO3,-9.052061689000002,-3.279302451000002,0.0,0.0,6.5421223689567825,241.48199884564238,20,False,False,"La,O,V",3,Orthorhombic,62,Pnma,5.624057839964091,7.7067086830477,5.571443663481237,90.01129200581076,90.0025072168235,89.83997777812044
mp-22649,VCdO3,-6.9790683805,-2.0015085255,0.07017966049997601,0.42989999999999906,6.420601457724622,218.64374944563582,20,False,False,"Cd,O,V",3,Orthorhombic,62,Pnma,5.322234,5.403246,7.603059,90.0,90.0,90.0
mp-22608,CaVO3,-8.123021790500001,-2.9363439975,0.001156626410715,0.433899999999999,4.299918247158427,214.74298675462558,20,False,False,"Ca,O,V",3,Orthorhombic,62,Pnma,5.3110846800000004,5.3541072280012285,7.551772193198251,90.05243750428272,90.0,90.0
mp-22789,DyVO3,-9.005861853999999,-3.296628931333332,0.0,1.6567999999999992,7.735287972077501,224.4936902037986,20,False,False,"Dy,O,V",3,Orthorhombic,62,Pnma,5.25263721,5.66556438,7.54368515,90.0,90.0,90.0
mp-541177,GdVO3,-10.853466169,-3.252683904,0.0,0.0,7.408655933518536,229.68430934192185,20,False,False,"Gd,O,V",3,Orthorhombic,62,Pnma,5.340210448882319,5.679854389841112,7.572467958291737,90.13197241933783,89.91655893625286,90.03460105209044
mp-541129,NdVO3,-8.9602356215,-3.221048318000001,0.0,1.034099999999999,6.769493593782093,238.60733896143174,20,False,False,"Nd,O,V",3,Orthorhombic,62,Pnma,5.44723174,5.67955965,7.71246632,90.0,90.0,90.0
mp-555665,NaVO3,-7.423894173500001,-2.369992200775863,0.005755477500000001,3.0358,2.9493958683390513,274.58999218475816,20,False,False,"Na,O,V",3,Orthorhombic,62,Pnma,3.59463913,5.34175319,14.30031451,90.0,90.0,90.0
mp-554811,TbVO3,-9.004759297000001,-3.291628755333334,0.0,1.439599999999999,7.563310371821145,226.45903361633887,20,False,False,"O,Tb,V",3,Orthorhombic,62,Pnma,5.27539823,5.67600385,7.5629585299999995,90.0,90.0,90.0
mp-556857,VCdO3,-7.049248041000001,-2.071688186000001,0.0,0.0,5.200232903785855,269.95413520633264,20,False,False,"Cd,O,V",3,Orthorhombic,62,Pnma,3.58967774,5.26484532,14.28396924,90.0,90.0,90.0
mp-755258,TmVO3,-9.002079601000002,-3.320021488000004,0.0,0.0,8.135479325832177,218.70381555294156,20,False,False,"O,Tm,V",3,Orthorhombic,62,Pnma,5.19087594,5.62773952,7.48654988,90.0,90.0,90.0
mp-755583,LuVO3,-9.013287189500002,-3.323391881833334,0.005773750249996001,1.572499999999999,8.077266464533315,225.24094157379778,20,False,False,"Lu,O,V",3,Orthorhombic,62,Pnma,5.241979,5.658672,7.593422,90.0,90.0,90.0
mp-755580,VGaO3,-7.700893132500001,-2.309716111000001,0.092056070124998,1.605299999999999,5.389298103486119,207.87196926224522,20,True,False,"Ga,O,V",3,Orthorhombic,62,Pnma,5.135831000088106,7.875593000197382,5.139276000041348,89.99956992375671,89.99982156362357,90.00066545621021
mp-756082,AlVO3,-8.4287792535,-2.894106270500001,0.086443080124997,0.0,4.527394166218192,184.73950209166097,20,True,False,"Al,O,V",3,Orthorhombic,62,Pnma,5.057769000057832,5.2336910001059485,6.978992000065626,90.00048713712131,89.99993317735479,89.99945443438293
mp-756282,VBiO3,-7.641337985,-2.077773306,0.010364148125002,1.297099999999999,8.56291406739171,238.85016311841898,20,True,False,"Bi,O,V",3,Orthorhombic,62,Pnma,5.413356635637962,5.635266440695615,7.829876236578732,90.00057967432174,90.39745546509022,89.99830294224499
mp-756546,ScVO3,-9.254299815500001,-3.202248177500001,0.049391989499998006,1.5605,4.429499293477538,215.7754359190552,20,True,False,"O,Sc,V",3,Orthorhombic,62,Pnma,5.402772000000925,7.81713000009396,5.109025000061264,89.99944111285708,90.00002181966246,90.00006846228871
mp-27186,MgVO3,-7.880577794,-2.768925973999999,0.0,2.7895000000000003,2.9405875084614843,139.19166731988958,10,True,False,"Mg,O,V",3,Orthorhombic,63,Cmcm,5.250435299859754,5.228213840000042,5.7099364883312,89.99996492079272,117.37182362696588,89.9999999525659
mp-545348,MgVO3,-7.61839454,-2.506742719999999,0.26218325399999604,0.0,2.828196039369485,144.72309292040592,10,False,False,"Mg,O,V",3,Orthorhombic,65,Cmmm,5.8164391686340196,5.8164391686340196,5.341526,90.0,90.0,126.78742948263307
mp-763901,NaVO3,-7.386636209000001,-2.332734236275862,0.043013442000000006,3.201699999999999,2.560685252381771,316.27260229803306,20,True,False,"Na,O,V",3,Orthorhombic,72,Ibam,7.816973929504242,7.816973929504242,7.816973929504242,133.0427579738303,106.85433728667981,91.57677774978163
mp-2371810,VCuO3,-7.401737221999999,-1.796338071,0.094260811999994,0.9255,3.330232839797754,81.01951592977308,5,True,False,"Cu,O,V",3,Monoclinic,8,Cm,3.196335643246901,5.006966690982692,5.824767971894177,114.2743665819355,105.95828023174357,90.00423084725624
mp-559736,VAgO3,-7.1091017825,-1.754956429833332,0.0,1.628299999999999,5.51826198310841,248.92808517080482,20,False,False,"Ag,O,V",3,Monoclinic,8,Cm,9.16997088943198,9.16997088943198,8.007549439565082,75.756374899782,75.756374899782,22.45148103960936
mp-627209,VHO3,-7.308086718,-1.84349561325,0.14282055674999702,0.0,2.61618506158982,253.75416024066269,20,True,False,"H,O,V",3,Monoclinic,8,Cm,6.223946161425243,6.223946161425243,11.563163167863411,85.93012148173868,85.93012148173868,34.61632975325461
mp-765647,AlVO3,-8.4264897375,-2.8918167545,0.08873259612499601,1.1677,3.883271181455361,430.7649427287126,40,True,False,"Al,O,V",3,Monoclinic,8,Cm,13.213679520845659,13.213679520845659,5.837209208276503,77.30273420799988,77.30273420799988,25.710582579784294
mp-1004524,HPbI3,-2.297984102,0.03798616875,0.6631155871666651,0.0,4.016735818865265,243.46308866936582,5,True,False,"H,I,Pb",3,Cubic,221,Pm-3m,6.244213,6.244213,6.244213,90.0,90.0,90.0
mp-1069538,CsPbI3,-3.076709898,-1.238177400931034,0.025049344000002003,1.4785,4.844004143862671,247.0988555291859,5,False,False,"Cs,I,Pb",3,Cubic,221,Pm-3m,6.27514229,6.27514229,6.27514229,90.0,90.0,90.0
mp-1120768,CsPbI3,-3.085935925,-1.247403427931034,0.015823317000002002,1.6421000000000001,4.74650734914947,1008.6977999446959,20,True,False,"Cs,I,Pb",3,Orthorhombic,62,Pnma,8.853381,8.930536,12.757759,90.0,90.0,90.0
mp-1211504,KPbI3,-3.090048539499997,-1.206837611949997,0.014278023499999001,2.4115,4.839075124545369,860.6416828616508,20,True,False,"I,K,Pb",3,Orthorhombic,62,Pnma,4.75272664,10.60788672,17.07067393,90.0,90.0,90.0
mp-23517,RbPbI3,-3.088990617500002,-1.235946820000001,0.0,2.4518,5.047056938770783,886.2002703632756,20,False,False,"I,Pb,Rb",3,Orthorhombic,62,Pnma,4.82902567,10.46796539,17.5311371,90.0,90.0,90.0
mp-540839,CsPbI3,-3.101759242000002,-1.263226744931036,0.0,2.5181,5.143480376565951,930.846658290349,20,False,False,"Cs,I,Pb",3,Orthorhombic,62,Pnma,4.84714164,10.65044663,18.03119927,90.0,90.0,90.0
mp-27552,TlPbI3,-3.019440088,-0.8882086816666671,0.011369082999998,2.1427,6.040287862083844,435.6215032572197,10,False,False,"I,Pb,Tl",3,Orthorhombic,63,Cmcm,8.071428601821738,8.071428601821738,12.008534,90.0,90.0,146.16351163306206
mp-1014168,CsPbBr3,-3.533178795499998,-1.626885946431032,0.007483645000001001,1.8177999999999992,4.741253582787796,406.14133522480637,10,True,False,"Br,Cs,Pb",3,Tetragonal,140,I4/mcm,8.19814187,8.19814187,8.373861776600569,119.30823798314472,119.30823798314472,90.0
mp-1096790,CuPbBr3,-3.061815378,-0.517276708999999,0.46579444949999904,0.0,4.644681914581931,364.9918192233401,10,True,False,"Br,Cu,Pb",3,Tetragonal,140,I4/mcm,7.9980250774835655,7.9980250774835655,7.9980250774835655,119.39891452046454,119.39891452046454,91.04430225372612
mp-600089,CsPbBr3,-3.515589418500002,-1.6092965694310362,0.025073021999998002,1.7819,4.5739280629479495,210.49949127443736,5,False,False,"Br,Cs,Pb",3,Cubic,221,Pm-3m,5.948636320004472,5.948622910005815,5.9486332300017875,89.99992044160842,90.00002976216689,90.00013908263769
mp-1120725,CsPbBr3,-3.531585397499998,-1.625292548431032,0.009077043000002,1.955,4.723945448529764,407.6294025266833,10,True,False,"Br,Cs,Pb",3,Orthorhombic,38,Amm2,8.216920344222125,8.216920344222125,6.03736639,90.0,90.0,89.9472387811037
mp-567629,CsPbBr3,-3.5360780535,-1.629785204431034,0.0045843869999990005,2.012099999999999,4.733981032983984,813.5305348019324,20,False,False,"Br,Cs,Pb",3,Orthorhombic,62,Pnma,8.10107841,8.45384704,11.87891123,90.0,90.0,90.0
mp-567681,CsPbBr3,-3.5406624405000002,-1.634369591431033,0.0,2.8808,5.006763123039218,769.2071757466882,20,False,False,"Br,Cs,Pb",3,Orthorhombic,62,Pnma,4.60907397,9.84551805,16.95083421,90.0,90.0,90.0
mp-998603,RbPbBr3,-3.533220957000003,-1.612416807500002,0.0,2.8211,4.807117123153489,367.8035851927661,10,True,False,"Br,Pb,Rb",3,Orthorhombic,63,Cmcm,4.458387340613728,7.676617824952399,11.22836159,90.0,90.0,106.84583844325151
mp-998176,RbPbBr3,-3.493827592,-1.573023442499999,0.039393365000003004,1.7508,4.126661790570243,214.22580793725126,5,True,False,"Br,Pb,Rb",3,Monoclinic,8,Cm,5.9850843629225485,5.9850843629225485,5.980424007898855,89.94260671123668,89.94260671123668,90.06771908267652
mp-1539667,CsPbCl3,-3.920044919000005,-1.88679431093104,0.0,2.7365,4.153748273575659,356.9651386649454,10,True,False,"Cl,Cs,Pb",3,Tetragonal,127,P4/mbm,5.75527897,11.137221066930172,7.875528606667165,45.002357590358905,90.0,90.0
mp-675022,CsPbCl3,-3.906402005000006,-1.873151396931041,0.013642913999999002,2.310499999999999,4.052396268077773,182.94648775297858,5,True,False,"Cl,Cs,Pb",3,Trigonal,155,R32,5.676943642575174,5.676943642575174,5.676942959092829,89.68499391794263,89.68499391794263,89.68498376703421
mp-2763667,InPbCl3,-20.568731930000002,-1.104523693499999,0.044989541749998,3.9976000000000003,3.866281760769522,183.9847139312805,5,True,False,"Cl,In,Pb",3,Trigonal,160,R3m,5.684262956707048,5.684262956707048,5.698391157514958,88.90507253601554,88.90507253601554,88.4233761572813
mp-1209191,RbPbCl3,-3.8761675959999993,-1.8284056874999992,0.038352820000002,2.1963,3.534781906107159,187.45133578838053,5,True,False,"Cl,Pb,Rb",3,Cubic,221,Pm-3m,5.723076,5.723076,5.723076,90.0,90.0,90.0
mp-23037,CsPbCl3,-3.907230807000005,-1.8739801989310392,0.012814112,2.1878,4.046006564887253,183.23540813354208,5,False,False,"Cl,Cs,Pb",3,Cubic,221,Pm-3m,5.67984477,5.67984477,5.67984477,90.0,90.0,90.0
mp-675524,CsPbCl3,-3.9200086340000073,-1.886758025931041,3.6284999998859035e-05,2.4130000000000003,4.156244523078858,356.75074462602305,10,True,False,"Cl,Cs,Pb",3,Orthorhombic,38,Amm2,5.76356648,11.134393933810834,7.867505357134306,44.95846599184642,90.0,90.0
mp-676598,TlPbCl3,-3.76610718525,-1.440157667916668,0.052488018250000004,2.6014,5.966137203314032,1153.259999340162,40,True,False,"Cl,Pb,Tl",3,Orthorhombic,42,Fmm2,12.10245801471982,11.6858772729505,11.573262887376101,62.70674611646349,59.101921434628835,58.19133244890769
mp-998604,RbPbCl3,-3.914520416000002,-1.866758507500001,0.0,3.263,4.124138005352904,321.3275545873426,10,True,False,"Cl,Pb,Rb",3,Orthorhombic,63,Cmcm,4.276082772059242,7.340583958824088,10.693940495574585,90.00075315582032,89.99625656917718,106.81022661896408
mp-998512,InPbCl3,-20.587462945,-1.123254708499996,0.026258526750002002,2.532199999999999,4.622519918076801,307.7701151491672,10,True,False,"Cl,In,Pb",3,Orthorhombic,63,Cmcm,7.079296789892152,7.079296789892152,10.6529262,90.0,90.0,144.7973039137495
mp-998605,RbPbCl3,-3.876387829999999,-1.8286259214999991,0.038132586000002,2.1948,3.54777971520058,186.76458044490604,5,True,False,"Cl,Pb,Rb",3,Monoclinic,8,Cm,5.717154663413087,5.717154663413087,5.713945627305356,89.90838682999275,89.90838682999275,90.073500489484
mp-998535,InPbCl3,-20.59558328675,-1.131375050249997,0.018138185000001,2.9011,3.725507596321793,190.93686574017815,5,True,False,"Cl,In,Pb",3,Monoclinic,8,Cm,5.7595891828514985,5.7595891828514985,5.757001592790904,89.833630793831,89.833630793831,88.85990247730508
mp-616378,CsSnI3,-3.067609780000003,-1.1696923259310381,0.011843993999996002,0.5537000000000001,4.401575249605301,477.1049992694422,10,False,False,"Cs,I,Sn",3,Tetragonal,127,P4/mbm,6.36120441,8.66038717,8.66038717,90.0,90.0,90.0
mp-614013,CsSnI3,-3.079453774,-1.181536319931034,0.0,0.449999999999999,4.226897498662958,248.41075007279017,5,False,False,"Cs,I,Sn",3,Cubic,221,Pm-3m,6.286228,6.286228,6.286228,90.0,90.0,90.0
mp-1097015,KSnI3,-3.066696506500002,-1.124100621950002,0.0,1.9381,4.277587265101873,836.2062838205491,20,True,False,"I,K,Sn",3,Orthorhombic,62,Pnma,4.70824602,10.44878157,16.99764006,90.0,90.0,90.0
mp-27381,CsSnI3,-3.0762044355000002,-1.178286981431034,0.003249338499999,2.0632,4.612588502664029,910.5575123531858,20,False,False,"Cs,I,Sn",3,Orthorhombic,62,Pnma,4.78277107,10.59766711,17.96459847,90.0,90.0,90.0
mp-29405,RbSnI3,-3.064690358999999,-1.152261604499999,0.0,2.0077,4.503866369000728,862.5786152100532,20,False,False,"I,Rb,Sn",3,Orthorhombic,62,Pnma,4.75301072,10.40655468,17.43905401,90.0,90.0,90.0
mp-568570,CsSnI3,-3.068394612999998,-1.170477158931032,0.011059161000002002,0.617499999999999,4.391869647363942,956.3187092803578,20,False,False,"Cs,I,Sn",3,Orthorhombic,62,Pnma,8.67777634,8.72973079,12.62389428,90.0,90.0,90.0
mp-1205533,TlSnI3,-2.996075997000003,-0.8054596336666701,0.0,1.8624,5.698343985692575,410.1888338873855,10,True,False,"I,Sn,Tl",3,Orthorhombic,63,Cmcm,7.890112574887488,7.890112574887488,11.79080057,90.0,90.0,146.0255723397023
mp-1096939,CuGeI3,-2.695035615,-0.036181140999999,0.45818176866666604,0.08949999999999901,4.756537728580233,360.9060677265738,10,True,False,"Cu,Ge,I",3,Tetragonal,140,I4/mcm,7.9400960308908735,7.9400960308908735,7.9400960308908735,118.64044248532524,118.64044248532524,92.37140825691817
mp-28377,CsGeI3,-3.090217248000002,-1.069608593931036,0.0,0.9905,4.325382720624483,225.06811678964056,5,False,False,"Cs,Ge,I",3,Trigonal,160,R3m,8.706732698398408,6.128081833379224,6.065933977616616,92.17638736819829,135.86282611329153,86.9667611927108
mp-567855,RbGeI3,-3.065395050999998,-1.030275096499998,0.005060806333333,2.1987,4.382072002010617,816.7220152541115,20,False,False,"Ge,I,Rb",3,Orthorhombic,19,P2_12_12_1,4.69061112,10.30008669,16.90456321,90.0,90.0,90.0
mp-571458,RbGeI3,-3.057070348000002,-1.021950393500002,0.013385509333329002,0.554,4.3243577462647504,206.9055618468492,5,False,False,"Ge,I,Rb",3,Cubic,221,Pm-3m,5.91458197,5.91458197,5.91458197,90.0,90.0,90.0
mp-2896844,CuGeI3,-19.722044114,-0.043079134499998006,0.227616262666668,0.323399999999999,4.440799481349404,193.28313908617946,5,True,False,"Cu,Ge,I",3,Orthorhombic,38,Amm2,6.905901636632204,6.905901636632204,4.053883398623577,90.1305900295282,90.1305900295282,88.67662908618775
mp-29288,TlGeI3,-2.999773986,-0.686466422666667,0.016987145333331,1.9161000000000001,5.686391015996473,768.288708546055,20,False,False,"Ge,I,Tl",3,Orthorhombic,62,Pnma,4.454665,10.410241,16.567181,90.0,90.0,90.0
mp-1096949,CuGeI3,-2.898231252,-0.239376777999999,0.254986131666666,0.6691,5.086793920521218,168.73725911026125,5,True,False,"Cu,Ge,I",3,Monoclinic,8,Cm,6.325614739511488,6.325614739511488,4.3330967331563235,87.31819852689394,87.31819852689394,102.59197214087678
mp-642690,CsGeI3,-3.081577474,-1.060968819931034,0.008639774000002001,1.1901,4.157331105019944,234.16603554860086,5,True,False,"Cs,Ge,I",3,Monoclinic,8,Cm,6.257706107131749,6.257706107131749,5.988627913234383,88.57680362431255,88.57680362431255,92.31435517196924
