{
  "LightGBM Regression (All, Mean)": {
    "MAE": 0.8849994308070838,
    "RMSE": 1.0433351097931403,
    "MSE": 1.088548151327064,
    "R\u00b2": 0.1704614405149485,
    "Median_AE": 0.9300336392663695,
    "Max_Error": 2.2475878851281776,
    "Pct_Error_>25%": 76.19047619047619
  },
  "LightGBM Regression (Non-metals)": {
    "MAE": 0.6667792040026311,
    "RMSE": 0.7951671858789173,
    "MSE": 0.6322908534985966,
    "R\u00b2": 0.18762999475493936,
    "Median_AE": 0.66855920453157,
    "Max_Error": 1.8173184102456235,
    "Pct_Error_>25%": 62.22222222222222
  },
  "XGBoost Classification": {
    "Accuracy": 0.8214285714285714,
    "Precision": 0.8298262548262547,
    "Recall": 0.8214285714285714,
    "F1-Score": 0.8255285865670888,
    "ROC-AUC": 0.7614814814814814
  }
}