{
  "LightGBM Regression (All, Mean)": {
    "MAE": 0.8668663248414651,
    "RMSE": 1.0623320067433262,
    "MSE": 1.1285492925513023,
    "R\u00b2": 0.13997818717566413,
    "Median_AE": 0.7640845904482638,
    "Max_Error": 2.1964150398804283,
    "Pct_Error_>25%": 71.42857142857143
  },
  "LightGBM Regression (Non-metals)": {
    "MAE": 0.6785675646538617,
    "RMSE": 0.7876784616077493,
    "MSE": 0.6204373588807506,
    "R\u00b2": 0.20285941556909515,
    "Median_AE": 0.6201030759950785,
    "Max_Error": 1.9457648923568374,
    "Pct_Error_>25%": 66.66666666666666
  },
  "XGBoost Classification": {
    "Accuracy": 0.7976190476190477,
    "Precision": 0.8239087301587301,
    "Recall": 0.7976190476190477,
    "F1-Score": 0.8100097181729834,
    "ROC-AUC": 0.7555555555555555
  }
}