{
  "F10": {
    "xgb_classification": {
      "Accuracy": 0.893598615916955,
      "Precision": 0.8880721393763039,
      "Recall": 0.893598615916955,
      "F1-Score": 0.8884710457311114
    },
    "rf_classification": {
      "Accuracy": 0.889273356401384,
      "Precision": 0.8859718222806404,
      "Recall": 0.889273356401384,
      "F1-Score": 0.8774069272233648
    },
    "lgbm_classification": {
      "Accuracy": 0.8970588235294118,
      "Precision": 0.8919256494382766,
      "Recall": 0.8970588235294118,
      "F1-Score": 0.8908356209600862
    },
    "catboost_classification": {
      "Accuracy": 0.8944636678200693,
      "Precision": 0.8889323888823617,
      "Recall": 0.8944636678200693,
      "F1-Score": 0.88874118646116
    },
    "mlp_classification": {
      "Accuracy": 0.8633217993079585,
      "Precision": 0.8547561532937259,
      "Recall": 0.8633217993079585,
      "F1-Score": 0.8435484967560929
    }
  }
}