{
  "F10": {
    "xgb_classification": {
      "Accuracy": 0.893598615916955,
      "Precision": 0.8880721393763039,
      "Recall": 0.893598615916955,
      "F1-Score": 0.8884710457311114
    },
    "rf_classification": {
      "Accuracy": 0.889273356401384,
      "Precision": 0.8859718222806404,
      "Recall": 0.889273356401384,
      "F1-Score": 0.8774069272233648
    },
    "lgbm_classification": {
      "Accuracy": 0.8970588235294118,
      "Precision": 0.8919256494382766,
      "Recall": 0.8970588235294118,
      "F1-Score": 0.8908356209600862
    },
    "catboost_classification": {
      "Accuracy": 0.8944636678200693,
      "Precision": 0.8889323888823617,
      "Recall": 0.8944636678200693,
      "F1-Score": 0.88874118646116
    },
    "mlp_classification": {
      "Accuracy": 0.8633217993079585,
      "Precision": 0.8547561532937259,
      "Recall": 0.8633217993079585,
      "F1-Score": 0.8435484967560929
    }
  },
  "F22": {
    "xgb_classification": {
      "Accuracy": 0.9100346020761245,
      "Precision": 0.9063415606884465,
      "Recall": 0.9100346020761245,
      "F1-Score": 0.9062245146395025
    },
    "rf_classification": {
      "Accuracy": 0.9013840830449827,
      "Precision": 0.8994530426644652,
      "Recall": 0.9013840830449827,
      "F1-Score": 0.8923203283559804
    },
    "lgbm_classification": {
      "Accuracy": 0.9117647058823529,
      "Precision": 0.9082784206578806,
      "Recall": 0.9117647058823529,
      "F1-Score": 0.9084283671723916
    },
    "catboost_classification": {
      "Accuracy": 0.903114186851211,
      "Precision": 0.8987437087134318,
      "Recall": 0.903114186851211,
      "F1-Score": 0.899011015765618
    },
    "mlp_classification": {
      "Accuracy": 0.8667820069204152,
      "Precision": 0.8568794447746885,
      "Recall": 0.8667820069204152,
      "F1-Score": 0.8516525683261836
    }
  }
}